Ring,Species,Colony,geoID,geo_trip,Producer,start_year,end_year,tol_sep,tol_mar,Date_Time,lon,lat
6134564,CALBOR,Veneguera,11001,11001001,Biotrack,2002,2003,0.17300000000000001,0.030000000000000002,2002-06-18T05:37:31Z,-15.78861,27.84444
6134564,CALBOR,Veneguera,11001,11001001,Biotrack,2002,2003,0.17300000000000001,0.030000000000000002,2002-06-18T18:26:51Z,-15.78861,27.84444
6134564,CALBOR,Veneguera,11001,11001001,Biotrack,2002,2003,0.17300000000000001,0.030000000000000002,2002-06-19T05:51:51Z,-9.532078841694407,7.3361135003356726
6134564,CALBOR,Veneguera,11001,11001001,Biotrack,2002,2003,0.17300000000000001,0.030000000000000002,2002-06-19T20:45:10Z,-9.405978393208915,37.97480550934583
6134564,CALBOR,Veneguera,11001,11001001,Biotrack,2002,2003,0.17300000000000001,0.030000000000000002,2002-06-20T03:54:49Z,-15.78861,27.84444
6134564,CALBOR,Veneguera,11001,11001001,Biotrack,2002,2003,0.17300000000000001,0.030000000000000002,2002-06-20T18:36:49Z,-15.78861,27.84444
6134564,CALBOR,Veneguera,11001,11001001,Biotrack,2002,2003,0.17300000000000001,0.030000000000000002,2002-06-21T06:00:49Z,-10.561459135433525,5.679274032796187
6134564,CALBOR,Veneguera,11001,11001001,Biotrack,2002,2003,0.17300000000000001,0.030000000000000002,2002-06-21T20:30:53Z,-18.64715566386598,22.031687766175498
6134564,CALBOR,Veneguera,11001,11001001,Biotrack,2002,2003,0.17300000000000001,0.030000000000000002,2002-06-22T06:02:37Z,-18.924329175987378,22.23352320939872
6134564,CALBOR,Veneguera,11001,11001001,Biotrack,2002,2003,0.17300000000000001,0.030000000000000002,2002-06-22T20:35:07Z,-18.526565173679394,23.882130478688744
6134564,CALBOR,Veneguera,11001,11001001,Biotrack,2002,2003,0.17300000000000001,0.030000000000000002,2002-06-23T05:53:38Z,-17.867194589780468,24.27636026464417
6134564,CALBOR,Veneguera,11001,11001001,Biotrack,2002,2003,0.17300000000000001,0.030000000000000002,2002-06-23T20:31:00Z,-17.808603445454786,23.30939768515387
6134564,CALBOR,Veneguera,11001,11001001,Biotrack,2002,2003,0.17300000000000001,0.030000000000000002,2002-06-24T05:57:26Z,-17.98039671191846,23.022303572916172
6134564,CALBOR,Veneguera,11001,11001001,Biotrack,2002,2003,0.17300000000000001,0.030000000000000002,2002-06-24T20:31:08Z,-18.71000247594906,21.782614964467353
6134564,CALBOR,Veneguera,11001,11001001,Biotrack,2002,2003,0.17300000000000001,0.030000000000000002,2002-06-25T06:07:25Z,-19.514146324995465,21.51533369298612
6134564,CALBOR,Veneguera,11001,11001001,Biotrack,2002,2003,0.17300000000000001,0.030000000000000002,2002-06-25T20:37:45Z,-18.87694902863359,24.163233167209402
6134564,CALBOR,Veneguera,11001,11001001,Biotrack,2002,2003,0.17300000000000001,0.030000000000000002,2002-06-26T05:52:58Z,-18.684800388177543,26.125691928939723
6134564,CALBOR,Veneguera,11001,11001001,Biotrack,2002,2003,0.17300000000000001,0.030000000000000002,2002-06-26T20:48:52Z,-20.10956928273512,26.548994317850767
6134564,CALBOR,Veneguera,11001,11001001,Biotrack,2002,2003,0.17300000000000001,0.030000000000000002,2002-06-27T06:00:43Z,-20.045224189049797,25.35548813844095
6134564,CALBOR,Veneguera,11001,11001001,Biotrack,2002,2003,0.17300000000000001,0.030000000000000002,2002-06-27T20:40:17Z,-18.73881195224818,25.314534421891967
6134564,CALBOR,Veneguera,11001,11001001,Biotrack,2002,2003,0.17300000000000001,0.030000000000000002,2002-06-28T05:52:42Z,-18.240485301683506,25.79907320186607
6134564,CALBOR,Veneguera,11001,11001001,Biotrack,2002,2003,0.17300000000000001,0.030000000000000002,2002-06-28T20:38:22Z,-17.907579638930443,25.840160724193296
6134564,CALBOR,Veneguera,11001,11001001,Biotrack,2002,2003,0.17300000000000001,0.030000000000000002,2002-06-29T05:50:42Z,-14.807374162637435,27.616418672110747
6134564,CALBOR,Veneguera,11001,11001001,Biotrack,2002,2003,0.17300000000000001,0.030000000000000002,2002-06-29T20:47:41Z,-15.756313728405196,26.94245289040658
6134564,CALBOR,Veneguera,11001,11001001,Biotrack,2002,2003,0.17300000000000001,0.030000000000000002,2002-06-30T13:20:41Z,-15.78861,27.84444
6134564,CALBOR,Veneguera,11001,11001001,Biotrack,2002,2003,0.17300000000000001,0.030000000000000002,2002-06-30T19:46:41Z,-15.78861,27.84444
6134564,CALBOR,Veneguera,11001,11001001,Biotrack,2002,2003,0.17300000000000001,0.030000000000000002,2002-07-01T09:32:12Z,-15.78861,27.84444
6134564,CALBOR,Veneguera,11001,11001001,Biotrack,2002,2003,0.17300000000000001,0.030000000000000002,2002-07-01T19:31:40Z,-15.78861,27.84444
6134564,CALBOR,Veneguera,11001,11001001,Biotrack,2002,2003,0.17300000000000001,0.030000000000000002,2002-07-02T14:00:39Z,-15.78861,27.84444
6134564,CALBOR,Veneguera,11001,11001001,Biotrack,2002,2003,0.17300000000000001,0.030000000000000002,2002-07-02T17:28:39Z,-15.78861,27.84444
6134564,CALBOR,Veneguera,11001,11001001,Biotrack,2002,2003,0.17300000000000001,0.030000000000000002,2002-07-03T07:21:01Z,-15.78861,27.84444
6134564,CALBOR,Veneguera,11001,11001001,Biotrack,2002,2003,0.17300000000000001,0.030000000000000002,2002-07-03T19:27:38Z,-15.78861,27.84444
6134564,CALBOR,Veneguera,11001,11001001,Biotrack,2002,2003,0.17300000000000001,0.030000000000000002,2002-07-04T18:44:37Z,-15.78861,27.84444
6134564,CALBOR,Veneguera,11001,11001001,Biotrack,2002,2003,0.17300000000000001,0.030000000000000002,2002-07-04T19:31:37Z,-15.78861,27.84444
6134564,CALBOR,Veneguera,11001,11001001,Biotrack,2002,2003,0.17300000000000001,0.030000000000000002,2002-07-05T18:50:36Z,-15.78861,27.84444
6134564,CALBOR,Veneguera,11001,11001001,Biotrack,2002,2003,0.17300000000000001,0.030000000000000002,2002-07-05T19:51:36Z,-15.78861,27.84444
6134564,CALBOR,Veneguera,11001,11001001,Biotrack,2002,2003,0.17300000000000001,0.030000000000000002,2002-07-06T05:57:15Z,-15.46748798366447,26.988701797548604
6134564,CALBOR,Veneguera,11001,11001001,Biotrack,2002,2003,0.17300000000000001,0.030000000000000002,2002-07-06T20:54:55Z,-16.247183131328246,28.650242829888878
6134564,CALBOR,Veneguera,11001,11001001,Biotrack,2002,2003,0.17300000000000001,0.030000000000000002,2002-07-07T05:51:25Z,-18.637088126954577,28.234004701346315
6134564,CALBOR,Veneguera,11001,11001001,Biotrack,2002,2003,0.17300000000000001,0.030000000000000002,2002-07-07T20:34:54Z,-17.05953854984388,25.933420191356586
6134564,CALBOR,Veneguera,11001,11001001,Biotrack,2002,2003,0.17300000000000001,0.030000000000000002,2002-07-08T05:51:28Z,-17.175335828379154,26.18148996898098
6134564,CALBOR,Veneguera,11001,11001001,Biotrack,2002,2003,0.17300000000000001,0.030000000000000002,2002-07-08T20:37:34Z,-18.24021503903628,25.140917542421626
6134564,CALBOR,Veneguera,11001,11001001,Biotrack,2002,2003,0.17300000000000001,0.030000000000000002,2002-07-09T06:03:03Z,-18.95189469584218,24.540351397217464
6134564,CALBOR,Veneguera,11001,11001001,Biotrack,2002,2003,0.17300000000000001,0.030000000000000002,2002-07-09T20:40:53Z,-19.496908919285797,24.51063751138066
6134564,CALBOR,Veneguera,11001,11001001,Biotrack,2002,2003,0.17300000000000001,0.030000000000000002,2002-07-10T06:07:12Z,-19.881466524205553,24.549594915234376
6134564,CALBOR,Veneguera,11001,11001001,Biotrack,2002,2003,0.17300000000000001,0.030000000000000002,2002-07-10T20:44:52Z,-19.86989642483202,25.622322737162378
6134564,CALBOR,Veneguera,11001,11001001,Biotrack,2002,2003,0.17300000000000001,0.030000000000000002,2002-07-11T06:03:22Z,-19.38553337097521,25.51202622398251
6134564,CALBOR,Veneguera,11001,11001001,Biotrack,2002,2003,0.17300000000000001,0.030000000000000002,2002-07-11T20:39:01Z,-18.318873785507012,25.850551400723166
6134564,CALBOR,Veneguera,11001,11001001,Biotrack,2002,2003,0.17300000000000001,0.030000000000000002,2002-07-12T05:55:31Z,-17.499006867539155,25.83167543972303
6134564,CALBOR,Veneguera,11001,11001001,Biotrack,2002,2003,0.17300000000000001,0.030000000000000002,2002-07-12T20:30:15Z,-18.06002613276048,22.5950730743442
6134564,CALBOR,Veneguera,11001,11001001,Biotrack,2002,2003,0.17300000000000001,0.030000000000000002,2002-07-13T06:12:10Z,-19.607633398150874,22.48122278521334
6134564,CALBOR,Veneguera,11001,11001001,Biotrack,2002,2003,0.17300000000000001,0.030000000000000002,2002-07-13T20:44:49Z,-48.72502890886116,-17.796865423641272
6134564,CALBOR,Veneguera,11001,11001001,Biotrack,2002,2003,0.17300000000000001,0.030000000000000002,2002-07-14T14:30:28Z,-15.78861,27.84444
6134564,CALBOR,Veneguera,11001,11001001,Biotrack,2002,2003,0.17300000000000001,0.030000000000000002,2002-07-14T19:24:47Z,-15.78861,27.84444
6134564,CALBOR,Veneguera,11001,11001001,Biotrack,2002,2003,0.17300000000000001,0.030000000000000002,2002-07-15T12:40:46Z,-15.78861,27.84444
6134564,CALBOR,Veneguera,11001,11001001,Biotrack,2002,2003,0.17300000000000001,0.030000000000000002,2002-07-15T17:21:28Z,-15.78861,27.84444
6134564,CALBOR,Veneguera,11001,11001001,Biotrack,2002,2003,0.17300000000000001,0.030000000000000002,2002-07-16T19:01:30Z,-15.78861,27.84444
6134564,CALBOR,Veneguera,11001,11001001,Biotrack,2002,2003,0.17300000000000001,0.030000000000000002,2002-07-16T19:20:23Z,-15.78861,27.84444
6134564,CALBOR,Veneguera,11001,11001001,Biotrack,2002,2003,0.17300000000000001,0.030000000000000002,2002-07-17T17:05:26Z,-15.78861,27.84444
6134564,CALBOR,Veneguera,11001,11001001,Biotrack,2002,2003,0.17300000000000001,0.030000000000000002,2002-07-17T19:06:26Z,-15.78861,27.84444
6134564,CALBOR,Veneguera,11001,11001001,Biotrack,2002,2003,0.17300000000000001,0.030000000000000002,2002-07-18T17:30:25Z,-15.78861,27.84444
6134564,CALBOR,Veneguera,11001,11001001,Biotrack,2002,2003,0.17300000000000001,0.030000000000000002,2002-07-18T19:50:45Z,-15.78861,27.84444
6134564,CALBOR,Veneguera,11001,11001001,Biotrack,2002,2003,0.17300000000000001,0.030000000000000002,2002-07-19T06:01:10Z,-12.962575045831601,15.934197300372466
6134564,CALBOR,Veneguera,11001,11001001,Biotrack,2002,2003,0.17300000000000001,0.030000000000000002,2002-07-20T20:31:00Z,-17.007750774388064,24.097163213211935
6134564,CALBOR,Veneguera,11001,11001001,Biotrack,2002,2003,0.17300000000000001,0.030000000000000002,2002-07-21T06:01:48Z,-17.024596478417642,24.250593499006147
6134564,CALBOR,Veneguera,11001,11001001,Biotrack,2002,2003,0.17300000000000001,0.030000000000000002,2002-07-21T20:21:22Z,-16.32249742554652,22.977048966005412
6134564,CALBOR,Veneguera,11001,11001001,Biotrack,2002,2003,0.17300000000000001,0.030000000000000002,2002-07-22T06:02:11Z,-15.82896564442806,22.02108566456687
6134564,CALBOR,Veneguera,11001,11001001,Biotrack,2002,2003,0.17300000000000001,0.030000000000000002,2002-07-22T20:11:21Z,-15.693033648078961,19.399170681286062
6134564,CALBOR,Veneguera,11001,11001001,Biotrack,2002,2003,0.17300000000000001,0.030000000000000002,2002-07-23T06:10:33Z,-17.63170861568964,21.560070487911794
6134564,CALBOR,Veneguera,11001,11001001,Biotrack,2002,2003,0.17300000000000001,0.030000000000000002,2002-07-23T20:40:58Z,-19.194448110204515,27.12717299307434
6134564,CALBOR,Veneguera,11001,11001001,Biotrack,2002,2003,0.17300000000000001,0.030000000000000002,2002-07-24T06:02:19Z,-16.282682586394543,27.056959661062447
6134564,CALBOR,Veneguera,11001,11001001,Biotrack,2002,2003,0.17300000000000001,0.030000000000000002,2002-07-24T20:37:19Z,-16.769581001595295,27.615531651791663
6134564,CALBOR,Veneguera,11001,11001001,Biotrack,2002,2003,0.17300000000000001,0.030000000000000002,2002-07-26T14:30:36Z,-15.78861,27.84444
6134564,CALBOR,Veneguera,11001,11001001,Biotrack,2002,2003,0.17300000000000001,0.030000000000000002,2002-07-26T18:36:18Z,-15.78861,27.84444
6134564,CALBOR,Veneguera,11001,11001001,Biotrack,2002,2003,0.17300000000000001,0.030000000000000002,2002-07-27T17:35:17Z,-15.78861,27.84444
6134564,CALBOR,Veneguera,11001,11001001,Biotrack,2002,2003,0.17300000000000001,0.030000000000000002,2002-07-27T19:11:17Z,-15.78861,27.84444
6134564,CALBOR,Veneguera,11001,11001001,Biotrack,2002,2003,0.17300000000000001,0.030000000000000002,2002-07-28T06:06:57Z,-15.89509426614349,26.947011390374534
6134564,CALBOR,Veneguera,11001,11001001,Biotrack,2002,2003,0.17300000000000001,0.030000000000000002,2002-07-28T20:37:16Z,-16.290981389248227,27.061144824678838
6134564,CALBOR,Veneguera,11001,11001001,Biotrack,2002,2003,0.17300000000000001,0.030000000000000002,2002-07-29T06:11:41Z,-16.77595735054115,27.637995148897858
6134564,CALBOR,Veneguera,11001,11001001,Biotrack,2002,2003,0.17300000000000001,0.030000000000000002,2002-07-29T20:31:15Z,-16.787124086937606,27.685055344096575
6134564,CALBOR,Veneguera,11001,11001001,Biotrack,2002,2003,0.17300000000000001,0.030000000000000002,2002-07-30T06:12:15Z,-18.764669205744223,24.848218355700915
6134564,CALBOR,Veneguera,11001,11001001,Biotrack,2002,2003,0.17300000000000001,0.030000000000000002,2002-07-30T20:29:59Z,-18.608197948008247,24.96783436225372
6134564,CALBOR,Veneguera,11001,11001001,Biotrack,2002,2003,0.17300000000000001,0.030000000000000002,2002-07-31T06:11:20Z,-15.616833676444086,28.733867702196047
6134564,CALBOR,Veneguera,11001,11001001,Biotrack,2002,2003,0.17300000000000001,0.030000000000000002,2002-07-31T20:36:14Z,-16.291124834739055,27.0612179737335
6134564,CALBOR,Veneguera,11001,11001001,Biotrack,2002,2003,0.17300000000000001,0.030000000000000002,2002-08-01T05:56:53Z,-15.319486602497438,27.044919810011983
6134564,CALBOR,Veneguera,11001,11001001,Biotrack,2002,2003,0.17300000000000001,0.030000000000000002,2002-08-01T20:47:12Z,-16.594415699538413,28.395675124960732
6134564,CALBOR,Veneguera,11001,11001001,Biotrack,2002,2003,0.17300000000000001,0.030000000000000002,2002-08-02T06:02:42Z,-15.783897974374037,26.942002143951502
6134564,CALBOR,Veneguera,11001,11001001,Biotrack,2002,2003,0.17300000000000001,0.030000000000000002,2002-08-02T20:31:12Z,-16.365718058311227,28.588018288644196
6134564,CALBOR,Veneguera,11001,11001001,Biotrack,2002,2003,0.17300000000000001,0.030000000000000002,2002-08-03T06:01:14Z,-15.185783132911407,28.571803151778152
6134564,CALBOR,Veneguera,11001,11001001,Biotrack,2002,2003,0.17300000000000001,0.030000000000000002,2002-08-03T20:40:31Z,-16.58865022059459,27.291209058457056
6134564,CALBOR,Veneguera,11001,11001001,Biotrack,2002,2003,0.17300000000000001,0.030000000000000002,2002-08-04T06:10:46Z,-16.720860566327815,27.49029093596984
6134564,CALBOR,Veneguera,11001,11001001,Biotrack,2002,2003,0.17300000000000001,0.030000000000000002,2002-08-04T20:26:10Z,-15.290865643676565,27.058800065388187
6134564,CALBOR,Veneguera,11001,11001001,Biotrack,2002,2003,0.17300000000000001,0.030000000000000002,2002-08-05T06:06:50Z,-17.365898203268554,26.44240655901297
6134564,CALBOR,Veneguera,11001,11001001,Biotrack,2002,2003,0.17300000000000001,0.030000000000000002,2002-08-05T20:21:09Z,-18.10744515163386,23.353758246484645
6134564,CALBOR,Veneguera,11001,11001001,Biotrack,2002,2003,0.17300000000000001,0.030000000000000002,2002-08-06T06:21:49Z,-19.064369605378133,22.14530750656206
6134564,CALBOR,Veneguera,11001,11001001,Biotrack,2002,2003,0.17300000000000001,0.030000000000000002,2002-08-06T20:24:28Z,-19.686091913695194,22.04196953544523
6134564,CALBOR,Veneguera,11001,11001001,Biotrack,2002,2003,0.17300000000000001,0.030000000000000002,2002-08-07T06:26:48Z,-16.781386311765893,27.65934183807113
6134564,CALBOR,Veneguera,11001,11001001,Biotrack,2002,2003,0.17300000000000001,0.030000000000000002,2002-08-07T20:31:07Z,-15.212143162994378,28.58840905186089
6134564,CALBOR,Veneguera,11001,11001001,Biotrack,2002,2003,0.17300000000000001,0.030000000000000002,2002-08-08T06:10:07Z,-16.294304407591806,27.0628464789123
6134564,CALBOR,Veneguera,11001,11001001,Biotrack,2002,2003,0.17300000000000001,0.030000000000000002,2002-08-08T20:29:07Z,-16.64383520615842,27.36082344239926
6134564,CALBOR,Veneguera,11001,11001001,Biotrack,2002,2003,0.17300000000000001,0.030000000000000002,2002-08-09T06:04:06Z,-16.50845195416038,28.482618806633347
6134564,CALBOR,Veneguera,11001,11001001,Biotrack,2002,2003,0.17300000000000001,0.030000000000000002,2002-08-09T20:34:26Z,-16.5317695600735,28.461201406222326
6134564,CALBOR,Veneguera,11001,11001001,Biotrack,2002,2003,0.17300000000000001,0.030000000000000002,2002-08-10T04:07:25Z,-15.78861,27.84444
6134564,CALBOR,Veneguera,11001,11001001,Biotrack,2002,2003,0.17300000000000001,0.030000000000000002,2002-08-10T18:30:05Z,-15.78861,27.84444
6134564,CALBOR,Veneguera,11001,11001001,Biotrack,2002,2003,0.17300000000000001,0.030000000000000002,2002-08-11T06:12:34Z,-15.033373661497928,27.24343245600818
6134564,CALBOR,Veneguera,11001,11001001,Biotrack,2002,2003,0.17300000000000001,0.030000000000000002,2002-08-11T20:28:12Z,-15.27806110349118,28.625321420924514
6134564,CALBOR,Veneguera,11001,11001001,Biotrack,2002,2003,0.17300000000000001,0.030000000000000002,2002-08-12T06:16:44Z,-15.610096755232819,26.956168895917642
6134564,CALBOR,Veneguera,11001,11001001,Biotrack,2002,2003,0.17300000000000001,0.030000000000000002,2002-08-12T20:29:22Z,-15.09339087253509,27.188553963320988
6134564,CALBOR,Veneguera,11001,11001001,Biotrack,2002,2003,0.17300000000000001,0.030000000000000002,2002-08-13T06:26:42Z,-20.321191006980403,24.183277927292952
6134564,CALBOR,Veneguera,11001,11001001,Biotrack,2002,2003,0.17300000000000001,0.030000000000000002,2002-08-13T20:20:34Z,-18.85483752948977,24.953186280993442
6134564,CALBOR,Veneguera,11001,11001001,Biotrack,2002,2003,0.17300000000000001,0.030000000000000002,2002-08-14T06:15:02Z,-18.141916383513575,26.375480167224424
6134564,CALBOR,Veneguera,11001,11001001,Biotrack,2002,2003,0.17300000000000001,0.030000000000000002,2002-08-14T20:18:09Z,-19.196922216268913,22.95635512117664
6134564,CALBOR,Veneguera,11001,11001001,Biotrack,2002,2003,0.17300000000000001,0.030000000000000002,2002-08-15T06:31:41Z,-19.890235028934825,20.187142241677055
6134564,CALBOR,Veneguera,11001,11001001,Biotrack,2002,2003,0.17300000000000001,0.030000000000000002,2002-08-15T20:14:20Z,-18.17105489058597,23.684594571257495
6134564,CALBOR,Veneguera,11001,11001001,Biotrack,2002,2003,0.17300000000000001,0.030000000000000002,2002-08-16T06:11:20Z,-17.636865492609687,28.072854457752214
6134564,CALBOR,Veneguera,11001,11001001,Biotrack,2002,2003,0.17300000000000001,0.030000000000000002,2002-08-16T20:24:20Z,-19.067372285542106,28.536137610145705
6134564,CALBOR,Veneguera,11001,11001001,Biotrack,2002,2003,0.17300000000000001,0.030000000000000002,2002-08-17T06:20:22Z,-18.78075034058319,25.514096274935596
6134564,CALBOR,Veneguera,11001,11001001,Biotrack,2002,2003,0.17300000000000001,0.030000000000000002,2002-08-17T20:09:33Z,-17.467062581653295,23.636544083329188
6134564,CALBOR,Veneguera,11001,11001001,Biotrack,2002,2003,0.17300000000000001,0.030000000000000002,2002-08-18T06:16:38Z,-17.680801090608163,25.458895316415177
6134564,CALBOR,Veneguera,11001,11001001,Biotrack,2002,2003,0.17300000000000001,0.030000000000000002,2002-08-18T20:16:57Z,-18.63668729706192,26.164782577815778
6134564,CALBOR,Veneguera,11001,11001001,Biotrack,2002,2003,0.17300000000000001,0.030000000000000002,2002-08-19T06:21:57Z,-15.381977490582939,27.018145460166817
6134564,CALBOR,Veneguera,11001,11001001,Biotrack,2002,2003,0.17300000000000001,0.030000000000000002,2002-08-19T20:19:17Z,-16.714611930317506,28.21744212179593
6134564,CALBOR,Veneguera,11001,11001001,Biotrack,2002,2003,0.17300000000000001,0.030000000000000002,2002-08-20T06:21:07Z,-16.79619683824277,27.95850991827208
6134564,CALBOR,Veneguera,11001,11001001,Biotrack,2002,2003,0.17300000000000001,0.030000000000000002,2002-08-20T20:19:56Z,-15.176970874454062,27.12551933645474
6134564,CALBOR,Veneguera,11001,11001001,Biotrack,2002,2003,0.17300000000000001,0.030000000000000002,2002-08-21T04:20:55Z,-15.78861,27.84444
6134564,CALBOR,Veneguera,11001,11001001,Biotrack,2002,2003,0.17300000000000001,0.030000000000000002,2002-08-21T18:16:55Z,-15.78861,27.84444
6134564,CALBOR,Veneguera,11001,11001001,Biotrack,2002,2003,0.17300000000000001,0.030000000000000002,2002-08-22T06:21:20Z,-10.858229211246865,-8.466726546653017
6134564,CALBOR,Veneguera,11001,11001001,Biotrack,2002,2003,0.17300000000000001,0.030000000000000002,2002-08-22T20:14:13Z,-18.666864400408894,26.914015277627538
6134564,CALBOR,Veneguera,11001,11001001,Biotrack,2002,2003,0.17300000000000001,0.030000000000000002,2002-08-23T06:20:22Z,-18.29066285716664,27.06630418171071
6134564,CALBOR,Veneguera,11001,11001001,Biotrack,2002,2003,0.17300000000000001,0.030000000000000002,2002-08-23T20:07:33Z,-18.526108500024826,26.99456717070736
6134564,CALBOR,Veneguera,11001,11001001,Biotrack,2002,2003,0.17300000000000001,0.030000000000000002,2002-08-24T06:29:53Z,-18.62539802305318,26.94059566114952
6134564,CALBOR,Veneguera,11001,11001001,Biotrack,2002,2003,0.17300000000000001,0.030000000000000002,2002-08-24T19:59:27Z,-18.152701539975784,26.870386445689892
6134564,CALBOR,Veneguera,11001,11001001,Biotrack,2002,2003,0.17300000000000001,0.030000000000000002,2002-08-25T06:30:46Z,-18.797619165301555,26.815635861583264
6134564,CALBOR,Veneguera,11001,11001001,Biotrack,2002,2003,0.17300000000000001,0.030000000000000002,2002-08-25T20:09:52Z,-20.234940177217283,26.744599873133087
6134564,CALBOR,Veneguera,11001,11001001,Biotrack,2002,2003,0.17300000000000001,0.030000000000000002,2002-08-26T06:40:09Z,-20.463294958787934,26.689938904280684
6134564,CALBOR,Veneguera,11001,11001001,Biotrack,2002,2003,0.17300000000000001,0.030000000000000002,2002-08-26T20:04:11Z,-18.731884842849826,26.62020956405333
6134564,CALBOR,Veneguera,11001,11001001,Biotrack,2002,2003,0.17300000000000001,0.030000000000000002,2002-08-27T06:20:45Z,-17.51763028825893,26.566738165430333
6134564,CALBOR,Veneguera,11001,11001001,Biotrack,2002,2003,0.17300000000000001,0.030000000000000002,2002-08-27T20:00:36Z,-17.961766850363553,26.49563713365048
6134564,CALBOR,Veneguera,11001,11001001,Biotrack,2002,2003,0.17300000000000001,0.030000000000000002,2002-08-28T06:30:04Z,-18.837616105384605,26.441046989757055
6134564,CALBOR,Veneguera,11001,11001001,Biotrack,2002,2003,0.17300000000000001,0.030000000000000002,2002-08-28T20:06:49Z,-19.33709617013882,26.370214803739863
6134564,CALBOR,Veneguera,11001,11001001,Biotrack,2002,2003,0.17300000000000001,0.030000000000000002,2002-08-29T06:30:20Z,-18.988394552049922,26.316140670261866
6134564,CALBOR,Veneguera,11001,11001001,Biotrack,2002,2003,0.17300000000000001,0.030000000000000002,2002-08-29T19:59:33Z,-18.518689183648355,26.24596180835609
6134564,CALBOR,Veneguera,11001,11001001,Biotrack,2002,2003,0.17300000000000001,0.030000000000000002,2002-08-30T06:30:21Z,-16.714194394184528,27.47680431749817
6134564,CALBOR,Veneguera,11001,11001001,Biotrack,2002,2003,0.17300000000000001,0.030000000000000002,2002-08-30T19:59:32Z,-15.891519221694043,28.7421607251348
6134564,CALBOR,Veneguera,11001,11001001,Biotrack,2002,2003,0.17300000000000001,0.030000000000000002,2002-08-31T06:30:29Z,-16.790361131179953,27.99453763210734
6134564,CALBOR,Veneguera,11001,11001001,Biotrack,2002,2003,0.17300000000000001,0.030000000000000002,2002-08-31T19:59:27Z,-14.98211238357624,27.298674116840463
6134564,CALBOR,Veneguera,11001,11001001,Biotrack,2002,2003,0.17300000000000001,0.030000000000000002,2002-09-01T06:31:46Z,-18.374123950658767,25.941366786297912
6134564,CALBOR,Veneguera,11001,11001001,Biotrack,2002,2003,0.17300000000000001,0.030000000000000002,2002-09-01T19:50:26Z,-17.70677934717094,25.872102867229575
6134564,CALBOR,Veneguera,11001,11001001,Biotrack,2002,2003,0.17300000000000001,0.030000000000000002,2002-09-02T06:30:35Z,-18.518523796176684,25.8165862172401
6134564,CALBOR,Veneguera,11001,11001001,Biotrack,2002,2003,0.17300000000000001,0.030000000000000002,2002-09-02T20:05:45Z,-20.627860689656185,25.745891344918892
6134564,CALBOR,Veneguera,11001,11001001,Biotrack,2002,2003,0.17300000000000001,0.030000000000000002,2002-09-03T06:44:44Z,-20.93764147755981,25.690475873442242
6134564,CALBOR,Veneguera,11001,11001001,Biotrack,2002,2003,0.17300000000000001,0.030000000000000002,2002-09-03T19:56:44Z,-19.352716837228186,25.62179011730436
6134564,CALBOR,Veneguera,11001,11001001,Biotrack,2002,2003,0.17300000000000001,0.030000000000000002,2002-09-04T06:30:15Z,-18.75974017484862,25.566848739430682
6134564,CALBOR,Veneguera,11001,11001001,Biotrack,2002,2003,0.17300000000000001,0.030000000000000002,2002-09-04T19:59:56Z,-19.110056765026847,25.496629406119773
6134564,CALBOR,Veneguera,11001,11001001,Biotrack,2002,2003,0.17300000000000001,0.030000000000000002,2002-09-05T06:31:23Z,-19.06752419440989,25.441867258754538
6134564,CALBOR,Veneguera,11001,11001001,Biotrack,2002,2003,0.17300000000000001,0.030000000000000002,2002-09-05T19:57:22Z,-19.51280000769737,25.37196880587003
6134564,CALBOR,Veneguera,11001,11001001,Biotrack,2002,2003,0.17300000000000001,0.030000000000000002,2002-09-06T06:39:42Z,-20.036321649201344,25.31626280752083
6134564,CALBOR,Veneguera,11001,11001001,Biotrack,2002,2003,0.17300000000000001,0.030000000000000002,2002-09-06T19:57:49Z,-19.46450848299181,25.247046586894253
6134564,CALBOR,Veneguera,11001,11001001,Biotrack,2002,2003,0.17300000000000001,0.030000000000000002,2002-09-07T06:30:23Z,-18.034661988575508,25.192187597238167
6134564,CALBOR,Veneguera,11001,11001001,Biotrack,2002,2003,0.17300000000000001,0.030000000000000002,2002-09-07T19:40:41Z,-16.87007845237232,25.12364927264755
6134564,CALBOR,Veneguera,11001,11001001,Biotrack,2002,2003,0.17300000000000001,0.030000000000000002,2002-09-08T06:30:04Z,-17.634543423408434,25.067331866999396
6134564,CALBOR,Veneguera,11001,11001001,Biotrack,2002,2003,0.17300000000000001,0.030000000000000002,2002-09-08T19:54:00Z,-18.595114656333546,24.997611199216
6134564,CALBOR,Veneguera,11001,11001001,Biotrack,2002,2003,0.17300000000000001,0.030000000000000002,2002-09-09T06:29:57Z,-14.788222927155449,28.00171769399677
6134564,CALBOR,Veneguera,11001,11001001,Biotrack,2002,2003,0.17300000000000001,0.030000000000000002,2002-09-09T19:59:13Z,-14.959184391779313,27.326548592933115
6134564,CALBOR,Veneguera,11001,11001001,Biotrack,2002,2003,0.17300000000000001,0.030000000000000002,2002-09-10T06:23:38Z,-18.107457150282194,24.818123408271344
6134564,CALBOR,Veneguera,11001,11001001,Biotrack,2002,2003,0.17300000000000001,0.030000000000000002,2002-09-10T19:50:38Z,-17.311472058069672,24.74813678553994
6134564,CALBOR,Veneguera,11001,11001001,Biotrack,2002,2003,0.17300000000000001,0.030000000000000002,2002-09-11T06:20:13Z,-17.100516638213108,24.69353652379523
6134564,CALBOR,Veneguera,11001,11001001,Biotrack,2002,2003,0.17300000000000001,0.030000000000000002,2002-09-11T19:49:30Z,-17.09115487187917,24.62335188026015
6134564,CALBOR,Veneguera,11001,11001001,Biotrack,2002,2003,0.17300000000000001,0.030000000000000002,2002-09-12T06:20:31Z,-16.655548833167696,24.568627313485393
6134564,CALBOR,Veneguera,11001,11001001,Biotrack,2002,2003,0.17300000000000001,0.030000000000000002,2002-09-12T19:40:36Z,-16.751694337746404,24.499240534794335
6134564,CALBOR,Veneguera,11001,11001001,Biotrack,2002,2003,0.17300000000000001,0.030000000000000002,2002-09-13T06:30:13Z,-17.708112463060967,24.442902893443616
6134564,CALBOR,Veneguera,11001,11001001,Biotrack,2002,2003,0.17300000000000001,0.030000000000000002,2002-09-13T19:47:15Z,-18.171206390773623,24.37378062429324
6134564,CALBOR,Veneguera,11001,11001001,Biotrack,2002,2003,0.17300000000000001,0.030000000000000002,2002-09-14T06:29:35Z,-17.769105921236743,24.31807462594404
6134564,CALBOR,Veneguera,11001,11001001,Biotrack,2002,2003,0.17300000000000001,0.030000000000000002,2002-09-14T19:40:00Z,-17.33043085620196,24.249526183502137
6134564,CALBOR,Veneguera,11001,11001001,Biotrack,2002,2003,0.17300000000000001,0.030000000000000002,2002-09-15T06:29:46Z,-17.337594515558198,24.19317553348548
6134564,CALBOR,Veneguera,11001,11001001,Biotrack,2002,2003,0.17300000000000001,0.030000000000000002,2002-09-15T19:39:14Z,-17.36119285085033,24.12470947926117
6134564,CALBOR,Veneguera,11001,11001001,Biotrack,2002,2003,0.17300000000000001,0.030000000000000002,2002-09-16T06:30:10Z,-16.930401418134373,24.068257650731685
6134564,CALBOR,Veneguera,11001,11001001,Biotrack,2002,2003,0.17300000000000001,0.030000000000000002,2002-09-16T19:30:33Z,-16.53512573635884,24.000579343500117
6134564,CALBOR,Veneguera,11001,11001001,Biotrack,2002,2003,0.17300000000000001,0.030000000000000002,2002-09-18T06:29:53Z,-17.46260888388405,23.818515836700293
6134564,CALBOR,Veneguera,11001,11001001,Biotrack,2002,2003,0.17300000000000001,0.030000000000000002,2002-09-18T19:39:36Z,-17.084577510764326,23.75002810136609
6134564,CALBOR,Veneguera,11001,11001001,Biotrack,2002,2003,0.17300000000000001,0.030000000000000002,2002-09-19T06:21:31Z,-16.705453627682036,23.694358238200042
6134564,CALBOR,Veneguera,11001,11001001,Biotrack,2002,2003,0.17300000000000001,0.030000000000000002,2002-09-19T19:40:30Z,-17.387269955231368,23.625066856392507
6134564,CALBOR,Veneguera,11001,11001001,Biotrack,2002,2003,0.17300000000000001,0.030000000000000002,2002-09-20T06:29:47Z,-17.606869906023377,23.56875812318831
6134564,CALBOR,Veneguera,11001,11001001,Biotrack,2002,2003,0.17300000000000001,0.030000000000000002,2002-09-20T19:35:29Z,-17.969097991404016,23.500618731019706
6134564,CALBOR,Veneguera,11001,11001001,Biotrack,2002,2003,0.17300000000000001,0.030000000000000002,2002-09-21T06:39:29Z,-18.0812328896641,23.443033703146533
6134564,CALBOR,Veneguera,11001,11001001,Biotrack,2002,2003,0.17300000000000001,0.030000000000000002,2002-09-21T19:27:08Z,-16.670825684762146,23.37645968711213
6134564,CALBOR,Veneguera,11001,11001001,Biotrack,2002,2003,0.17300000000000001,0.030000000000000002,2002-09-22T06:26:08Z,-16.3190723714637,23.319308281436797
6134564,CALBOR,Veneguera,11001,11001001,Biotrack,2002,2003,0.17300000000000001,0.030000000000000002,2002-09-22T19:33:47Z,-17.773442087357324,23.250999776611035
6134564,CALBOR,Veneguera,11001,11001001,Biotrack,2002,2003,0.17300000000000001,0.030000000000000002,2002-09-23T06:40:13Z,-18.427673322780443,23.193203719268244
6134564,CALBOR,Veneguera,11001,11001001,Biotrack,2002,2003,0.17300000000000001,0.030000000000000002,2002-09-23T19:30:27Z,-17.550770890522017,23.12640566509829
6134564,CALBOR,Veneguera,11001,11001001,Biotrack,2002,2003,0.17300000000000001,0.030000000000000002,2002-09-24T06:29:49Z,-16.945387878994634,23.06922246046178
6134564,CALBOR,Veneguera,11001,11001001,Biotrack,2002,2003,0.17300000000000001,0.030000000000000002,2002-09-24T19:29:39Z,-16.978988527952787,23.001591851671975
6134564,CALBOR,Veneguera,11001,11001001,Biotrack,2002,2003,0.17300000000000001,0.030000000000000002,2002-09-25T06:30:25Z,-16.809701184303503,22.944287232820074
6134564,CALBOR,Veneguera,11001,11001001,Biotrack,2002,2003,0.17300000000000001,0.030000000000000002,2002-09-25T19:25:25Z,-16.572869998485,22.877075792154844
6134564,CALBOR,Veneguera,11001,11001001,Biotrack,2002,2003,0.17300000000000001,0.030000000000000002,2002-09-26T06:30:27Z,-17.091942272543378,22.81940114902745
6134564,CALBOR,Veneguera,11001,11001001,Biotrack,2002,2003,0.17300000000000001,0.030000000000000002,2002-09-26T19:33:44Z,-17.72577220756959,22.751471340921135
6134564,CALBOR,Veneguera,11001,11001001,Biotrack,2002,2003,0.17300000000000001,0.030000000000000002,2002-09-27T06:30:49Z,-17.549221696955033,22.694486157088306
6134564,CALBOR,Veneguera,11001,11001001,Biotrack,2002,2003,0.17300000000000001,0.030000000000000002,2002-09-27T19:29:36Z,-17.667477510194654,22.626946608960047
6134564,CALBOR,Veneguera,11001,11001001,Biotrack,2002,2003,0.17300000000000001,0.030000000000000002,2002-09-28T06:36:03Z,-17.762659376115007,22.56914910620993
6134564,CALBOR,Veneguera,11001,11001001,Biotrack,2002,2003,0.17300000000000001,0.030000000000000002,2002-09-28T19:25:22Z,-17.243890727865434,22.502430549442916
6134564,CALBOR,Veneguera,11001,11001001,Biotrack,2002,2003,0.17300000000000001,0.030000000000000002,2002-09-29T06:31:52Z,-17.2303693150038,22.444628710470823
6134564,CALBOR,Veneguera,11001,11001001,Biotrack,2002,2003,0.17300000000000001,0.030000000000000002,2002-09-29T19:28:40Z,-17.327255139252763,22.377261165814375
6134564,CALBOR,Veneguera,11001,11001001,Biotrack,2002,2003,0.17300000000000001,0.030000000000000002,2002-09-30T06:29:21Z,-17.086560938398097,22.3199637739991
6134564,CALBOR,Veneguera,11001,11001001,Biotrack,2002,2003,0.17300000000000001,0.030000000000000002,2002-09-30T19:26:20Z,-17.30819581420279,22.252580329862063
6134564,CALBOR,Veneguera,11001,11001001,Biotrack,2002,2003,0.17300000000000001,0.030000000000000002,2002-10-01T06:34:20Z,-17.80663956382013,22.194648404230616
6134564,CALBOR,Veneguera,11001,11001001,Biotrack,2002,2003,0.17300000000000001,0.030000000000000002,2002-10-01T19:29:19Z,-17.79645502834695,22.127438408972715
6134564,CALBOR,Veneguera,11001,11001001,Biotrack,2002,2003,0.17300000000000001,0.030000000000000002,2002-10-02T06:30:34Z,-17.290047549543928,22.070091873308353
6134564,CALBOR,Veneguera,11001,11001001,Biotrack,2002,2003,0.17300000000000001,0.030000000000000002,2002-10-02T19:23:39Z,-17.54358431131424,22.003046654485633
6134564,CALBOR,Veneguera,11001,11001001,Biotrack,2002,2003,0.17300000000000001,0.030000000000000002,2002-10-03T06:39:27Z,-18.09767580591718,21.944438278225554
6134564,CALBOR,Veneguera,11001,11001001,Biotrack,2002,2003,0.17300000000000001,0.030000000000000002,2002-10-03T19:23:38Z,-18.25857152356757,21.87816490691499
6134564,CALBOR,Veneguera,11001,11001001,Biotrack,2002,2003,0.17300000000000001,0.030000000000000002,2002-10-04T06:41:16Z,-18.20438843043364,21.819397535849035
6134564,CALBOR,Veneguera,11001,11001001,Biotrack,2002,2003,0.17300000000000001,0.030000000000000002,2002-10-04T19:20:17Z,-17.672186266291288,21.75357224080957
6134564,CALBOR,Veneguera,11001,11001001,Biotrack,2002,2003,0.17300000000000001,0.030000000000000002,2002-10-05T06:35:57Z,-17.58910716932038,21.694975427808103
6134564,CALBOR,Veneguera,11001,11001001,Biotrack,2002,2003,0.17300000000000001,0.030000000000000002,2002-10-05T19:23:36Z,-17.670774797652395,21.6284014117737
6134564,CALBOR,Veneguera,11001,11001001,Biotrack,2002,2003,0.17300000000000001,0.030000000000000002,2002-10-06T06:33:16Z,-17.330742886258825,21.570324945409645
6134564,CALBOR,Veneguera,11001,11001001,Biotrack,2002,2003,0.17300000000000001,0.030000000000000002,2002-10-06T19:19:51Z,-17.295988488271252,21.503843435444114
6134564,CALBOR,Veneguera,11001,11001001,Biotrack,2002,2003,0.17300000000000001,0.030000000000000002,2002-10-07T06:35:55Z,-17.47973579150514,21.44521193266682
6134564,CALBOR,Veneguera,11001,11001001,Biotrack,2002,2003,0.17300000000000001,0.030000000000000002,2002-10-07T19:19:45Z,-17.740813926571263,21.378968914910104
6134564,CALBOR,Veneguera,11001,11001001,Biotrack,2002,2003,0.17300000000000001,0.030000000000000002,2002-10-08T06:39:23Z,-18.20318079501568,21.320028094965014
6134564,CALBOR,Veneguera,11001,11001001,Biotrack,2002,2003,0.17300000000000001,0.030000000000000002,2002-10-08T19:23:34Z,-18.081251600176444,21.25375472365445
6134564,CALBOR,Veneguera,11001,11001001,Biotrack,2002,2003,0.17300000000000001,0.030000000000000002,2002-10-09T06:33:12Z,-17.97206228525501,21.19568114810504
6134564,CALBOR,Veneguera,11001,11001001,Biotrack,2002,2003,0.17300000000000001,0.030000000000000002,2002-10-09T19:27:21Z,-18.07749908931769,21.128543423213447
6134564,CALBOR,Veneguera,11001,11001001,Biotrack,2002,2003,0.17300000000000001,0.030000000000000002,2002-10-10T06:30:27Z,-17.826236609830875,21.071036447335885
6134564,CALBOR,Veneguera,11001,11001001,Biotrack,2002,2003,0.17300000000000001,0.030000000000000002,2002-10-10T19:25:12Z,-17.67147309332832,21.00384668778055
6134564,CALBOR,Veneguera,11001,11001001,Biotrack,2002,2003,0.17300000000000001,0.030000000000000002,2002-10-11T06:29:46Z,-17.661520582573413,20.946212516058285
6134564,CALBOR,Veneguera,11001,11001001,Biotrack,2002,2003,0.17300000000000001,0.030000000000000002,2002-10-11T19:25:11Z,-18.325107294182708,20.878964940209904
6134564,CALBOR,Veneguera,11001,11001001,Biotrack,2002,2003,0.17300000000000001,0.030000000000000002,2002-10-12T06:39:11Z,-18.60786506295618,20.820512667941053
6134564,CALBOR,Veneguera,11001,11001001,Biotrack,2002,2003,0.17300000000000001,0.030000000000000002,2002-10-12T19:20:10Z,-17.709190786378866,20.754516814837103
6134564,CALBOR,Veneguera,11001,11001001,Biotrack,2002,2003,0.17300000000000001,0.030000000000000002,2002-10-13T06:30:10Z,-17.160791672420626,20.69641144032652
6134564,CALBOR,Veneguera,11001,11001001,Biotrack,2002,2003,0.17300000000000001,0.030000000000000002,2002-10-13T19:19:19Z,-17.820371917658495,20.629707337632766
6134564,CALBOR,Veneguera,11001,11001001,Biotrack,2002,2003,0.17300000000000001,0.030000000000000002,2002-10-14T06:40:29Z,-18.50154702766787,20.570633540213674
6134564,CALBOR,Veneguera,11001,11001001,Biotrack,2002,2003,0.17300000000000001,0.030000000000000002,2002-10-14T19:20:07Z,-18.58954574500865,20.504754765103144
6134564,CALBOR,Veneguera,11001,11001001,Biotrack,2002,2003,0.17300000000000001,0.030000000000000002,2002-10-15T06:40:33Z,-18.817032705718127,20.4457445656064
6134564,CALBOR,Veneguera,11001,11001001,Biotrack,2002,2003,0.17300000000000001,0.030000000000000002,2002-10-15T19:23:27Z,-18.991947697145054,20.37958249065995
6134564,CALBOR,Veneguera,11001,11001001,Biotrack,2002,2003,0.17300000000000001,0.030000000000000002,2002-10-16T06:39:25Z,-18.67061003685529,20.320959660326608
6134564,CALBOR,Veneguera,11001,11001001,Biotrack,2002,2003,0.17300000000000001,0.030000000000000002,2002-10-16T19:18:41Z,-19.063245206725966,20.255112684177252
6134564,CALBOR,Veneguera,11001,11001001,Biotrack,2002,2003,0.17300000000000001,0.030000000000000002,2002-10-17T06:49:48Z,-19.4914592151419,20.19517597858446
6134564,CALBOR,Veneguera,11001,11001001,Biotrack,2002,2003,0.17300000000000001,0.030000000000000002,2002-10-17T19:15:06Z,-18.630884797524086,20.130540253774402
6134564,CALBOR,Veneguera,11001,11001001,Biotrack,2002,2003,0.17300000000000001,0.030000000000000002,2002-10-18T06:39:45Z,-18.642473903552485,20.07116436622415
6134564,CALBOR,Veneguera,11001,11001001,Biotrack,2002,2003,0.17300000000000001,0.030000000000000002,2002-10-18T19:25:05Z,-20.07307883469081,20.00479126180808
6134564,CALBOR,Veneguera,11001,11001001,Biotrack,2002,2003,0.17300000000000001,0.030000000000000002,2002-10-19T06:51:04Z,-20.400572101029756,19.945299741671732
6134564,CALBOR,Veneguera,11001,11001001,Biotrack,2002,2003,0.17300000000000001,0.030000000000000002,2002-10-19T19:19:00Z,-19.407074241423388,19.88043564250415
6134564,CALBOR,Veneguera,11001,11001001,Biotrack,2002,2003,0.17300000000000001,0.030000000000000002,2002-10-20T06:41:34Z,-18.328137608261937,19.82124043086966
6134564,CALBOR,Veneguera,11001,11001001,Biotrack,2002,2003,0.17300000000000001,0.030000000000000002,2002-10-20T19:10:03Z,-18.034505580353603,19.756328633260313
6134564,CALBOR,Veneguera,11001,11001001,Biotrack,2002,2003,0.17300000000000001,0.030000000000000002,2002-10-21T06:45:43Z,-18.27155995251347,19.695997331467485
6134564,CALBOR,Veneguera,11001,11001001,Biotrack,2002,2003,0.17300000000000001,0.030000000000000002,2002-10-21T19:09:30Z,-18.08247105724054,19.631493138724107
6134564,CALBOR,Veneguera,11001,11001001,Biotrack,2002,2003,0.17300000000000001,0.030000000000000002,2002-10-22T06:43:01Z,-18.329151426127943,19.571348294476348
6134564,CALBOR,Veneguera,11001,11001001,Biotrack,2002,2003,0.17300000000000001,0.030000000000000002,2002-10-22T19:16:01Z,-18.947047842535923,19.50604479148162
6134564,CALBOR,Veneguera,11001,11001001,Biotrack,2002,2003,0.17300000000000001,0.030000000000000002,2002-10-23T06:45:41Z,-18.96296840043464,19.4462338363262
6134564,CALBOR,Veneguera,11001,11001001,Biotrack,2002,2003,0.17300000000000001,0.030000000000000002,2002-10-23T19:13:20Z,-19.031172541839485,20.595763257756424
6134564,CALBOR,Veneguera,11001,11001001,Biotrack,2002,2003,0.17300000000000001,0.030000000000000002,2002-10-24T06:49:09Z,-19.01404296161354,22.76281449791699
6134564,CALBOR,Veneguera,11001,11001001,Biotrack,2002,2003,0.17300000000000001,0.030000000000000002,2002-10-24T19:09:20Z,-18.54742387160148,22.568989841192995
6134564,CALBOR,Veneguera,11001,11001001,Biotrack,2002,2003,0.17300000000000001,0.030000000000000002,2002-10-25T06:45:39Z,-18.59028944856736,19.892402514270522
6134564,CALBOR,Veneguera,11001,11001001,Biotrack,2002,2003,0.17300000000000001,0.030000000000000002,2002-10-25T19:13:19Z,-19.07800229475208,19.33369922502434
6134564,CALBOR,Veneguera,11001,11001001,Biotrack,2002,2003,0.17300000000000001,0.030000000000000002,2002-10-26T06:48:58Z,-19.591055448577272,18.580299476666106
6134564,CALBOR,Veneguera,11001,11001001,Biotrack,2002,2003,0.17300000000000001,0.030000000000000002,2002-10-26T19:18:18Z,-20.186041546239544,17.956569724133868
6134564,CALBOR,Veneguera,11001,11001001,Biotrack,2002,2003,0.17300000000000001,0.030000000000000002,2002-10-27T06:52:57Z,-20.13384090629052,20.325093202933658
6134564,CALBOR,Veneguera,11001,11001001,Biotrack,2002,2003,0.17300000000000001,0.030000000000000002,2002-10-27T19:13:17Z,-19.564340825996947,20.360353641652477
6134564,CALBOR,Veneguera,11001,11001001,Biotrack,2002,2003,0.17300000000000001,0.030000000000000002,2002-10-28T06:48:57Z,-19.631334092647446,17.56938550432476
6134564,CALBOR,Veneguera,11001,11001001,Biotrack,2002,2003,0.17300000000000001,0.030000000000000002,2002-10-28T19:18:15Z,-20.14748764423736,16.673370795184166
6134564,CALBOR,Veneguera,11001,11001001,Biotrack,2002,2003,0.17300000000000001,0.030000000000000002,2002-10-29T06:51:47Z,-20.12533145266035,18.147807578323253
6134564,CALBOR,Veneguera,11001,11001001,Biotrack,2002,2003,0.17300000000000001,0.030000000000000002,2002-10-29T19:14:55Z,-19.516660714631946,17.095581846691754
6134564,CALBOR,Veneguera,11001,11001001,Biotrack,2002,2003,0.17300000000000001,0.030000000000000002,2002-10-30T06:45:35Z,-18.80840398657973,16.73272730633179
6134564,CALBOR,Veneguera,11001,11001001,Biotrack,2002,2003,0.17300000000000001,0.030000000000000002,2002-10-30T19:09:14Z,-18.718327491430756,19.290971908110276
6134564,CALBOR,Veneguera,11001,11001001,Biotrack,2002,2003,0.17300000000000001,0.030000000000000002,2002-10-31T06:49:48Z,-18.96444928028192,20.22590014633937
6134564,CALBOR,Veneguera,11001,11001001,Biotrack,2002,2003,0.17300000000000001,0.030000000000000002,2002-10-31T19:08:59Z,-19.02296650959195,20.33126521788713
6134564,CALBOR,Veneguera,11001,11001001,Biotrack,2002,2003,0.17300000000000001,0.030000000000000002,2002-11-01T06:50:53Z,-19.35012337955437,19.316044071565887
6134564,CALBOR,Veneguera,11001,11001001,Biotrack,2002,2003,0.17300000000000001,0.030000000000000002,2002-11-01T19:13:13Z,-19.559940549935124,17.70001116951439
6134564,CALBOR,Veneguera,11001,11001001,Biotrack,2002,2003,0.17300000000000001,0.030000000000000002,2002-11-02T06:49:52Z,-19.261245443735042,18.22205665097273
6134564,CALBOR,Veneguera,11001,11001001,Biotrack,2002,2003,0.17300000000000001,0.030000000000000002,2002-11-02T19:09:16Z,-19.071715047028043,19.284849191400504
6134564,CALBOR,Veneguera,11001,11001001,Biotrack,2002,2003,0.17300000000000001,0.030000000000000002,2002-11-03T06:50:51Z,-18.760211698593043,20.76449174252503
6134564,CALBOR,Veneguera,11001,11001001,Biotrack,2002,2003,0.17300000000000001,0.030000000000000002,2002-11-03T19:03:11Z,-18.385480790911604,22.09691813818949
6134564,CALBOR,Veneguera,11001,11001001,Biotrack,2002,2003,0.17300000000000001,0.030000000000000002,2002-11-04T06:51:04Z,-18.71720258601218,20.708612933049263
6134564,CALBOR,Veneguera,11001,11001001,Biotrack,2002,2003,0.17300000000000001,0.030000000000000002,2002-11-04T19:08:24Z,-19.118319165172686,19.49173632446414
6134564,CALBOR,Veneguera,11001,11001001,Biotrack,2002,2003,0.17300000000000001,0.030000000000000002,2002-11-05T06:52:10Z,-18.860880247289106,20.744040754094502
6134564,CALBOR,Veneguera,11001,11001001,Biotrack,2002,2003,0.17300000000000001,0.030000000000000002,2002-11-05T19:03:09Z,-18.30872322508383,20.987101587113127
6134564,CALBOR,Veneguera,11001,11001001,Biotrack,2002,2003,0.17300000000000001,0.030000000000000002,2002-11-06T06:48:48Z,-18.29927931594429,19.299465503469776
6134564,CALBOR,Veneguera,11001,11001001,Biotrack,2002,2003,0.17300000000000001,0.030000000000000002,2002-11-06T19:06:27Z,-18.620761671112906,18.76176924214148
6134564,CALBOR,Veneguera,11001,11001001,Biotrack,2002,2003,0.17300000000000001,0.030000000000000002,2002-11-07T06:50:37Z,-18.776439556112333,18.810214465591088
6134564,CALBOR,Veneguera,11001,11001001,Biotrack,2002,2003,0.17300000000000001,0.030000000000000002,2002-11-07T19:07:17Z,-19.12935229704632,19.52098954734724
6134564,CALBOR,Veneguera,11001,11001001,Biotrack,2002,2003,0.17300000000000001,0.030000000000000002,2002-11-08T06:55:26Z,-19.47489102536418,20.183251302698125
6134564,CALBOR,Veneguera,11001,11001001,Biotrack,2002,2003,0.17300000000000001,0.030000000000000002,2002-11-08T19:08:14Z,-19.2166219625143,18.722389883196062
6134564,CALBOR,Veneguera,11001,11001001,Biotrack,2002,2003,0.17300000000000001,0.030000000000000002,2002-11-09T06:50:35Z,-18.081551505432447,20.34863285692061
6134564,CALBOR,Veneguera,11001,11001001,Biotrack,2002,2003,0.17300000000000001,0.030000000000000002,2002-11-09T18:54:46Z,-16.783546487998176,21.62337766671305
6134564,CALBOR,Veneguera,11001,11001001,Biotrack,2002,2003,0.17300000000000001,0.030000000000000002,2002-11-10T06:43:44Z,-16.40900580516865,19.830674252240488
6134564,CALBOR,Veneguera,11001,11001001,Biotrack,2002,2003,0.17300000000000001,0.030000000000000002,2002-11-10T18:55:45Z,-16.564512571202453,19.803592419862014
6134564,CALBOR,Veneguera,11001,11001001,Biotrack,2002,2003,0.17300000000000001,0.030000000000000002,2002-11-11T06:45:24Z,-16.888340786367515,19.216749185962353
6134564,CALBOR,Veneguera,11001,11001001,Biotrack,2002,2003,0.17300000000000001,0.030000000000000002,2002-11-11T18:59:34Z,-17.58132986642011,19.769765053561915
6134564,CALBOR,Veneguera,11001,11001001,Biotrack,2002,2003,0.17300000000000001,0.030000000000000002,2002-11-12T06:52:44Z,-18.540052708389972,19.40321256939242
6134564,CALBOR,Veneguera,11001,11001001,Biotrack,2002,2003,0.17300000000000001,0.030000000000000002,2002-11-12T19:08:03Z,-18.931953556297106,17.104618692263564
6134564,CALBOR,Veneguera,11001,11001001,Biotrack,2002,2003,0.17300000000000001,0.030000000000000002,2002-11-13T06:50:42Z,-18.85516344035365,16.379469650410304
6134564,CALBOR,Veneguera,11001,11001001,Biotrack,2002,2003,0.17300000000000001,0.030000000000000002,2002-11-13T19:09:06Z,-18.95851566627293,16.214622369846072
6134564,CALBOR,Veneguera,11001,11001001,Biotrack,2002,2003,0.17300000000000001,0.030000000000000002,2002-11-14T06:51:33Z,-19.007227398591976,16.21962657091661
6134564,CALBOR,Veneguera,11001,11001001,Biotrack,2002,2003,0.17300000000000001,0.030000000000000002,2002-11-14T19:09:21Z,-19.245800477866982,16.805854180212574
6134564,CALBOR,Veneguera,11001,11001001,Biotrack,2002,2003,0.17300000000000001,0.030000000000000002,2002-11-15T06:55:21Z,-19.389412732952973,17.624665788796708
6134564,CALBOR,Veneguera,11001,11001001,Biotrack,2002,2003,0.17300000000000001,0.030000000000000002,2002-11-15T19:08:14Z,-19.53020426070456,18.429157206704804
6134564,CALBOR,Veneguera,11001,11001001,Biotrack,2002,2003,0.17300000000000001,0.030000000000000002,2002-11-16T06:59:02Z,-19.41075344823716,19.963962564211005
6134564,CALBOR,Veneguera,11001,11001001,Biotrack,2002,2003,0.17300000000000001,0.030000000000000002,2002-11-16T19:03:00Z,-18.822088160137703,20.118952956858422
6134564,CALBOR,Veneguera,11001,11001001,Biotrack,2002,2003,0.17300000000000001,0.030000000000000002,2002-11-17T06:55:18Z,-18.888195560935717,18.352094902040818
6134564,CALBOR,Veneguera,11001,11001001,Biotrack,2002,2003,0.17300000000000001,0.030000000000000002,2002-11-17T19:08:13Z,-19.585170015411848,18.404246894860563
6134564,CALBOR,Veneguera,11001,11001001,Biotrack,2002,2003,0.17300000000000001,0.030000000000000002,2002-11-18T07:01:29Z,-20.62276743642409,17.414834183812644
6134564,CALBOR,Veneguera,11001,11001001,Biotrack,2002,2003,0.17300000000000001,0.030000000000000002,2002-11-18T19:19:19Z,-20.46936286810553,12.795090309907337
6134564,CALBOR,Veneguera,11001,11001001,Biotrack,2002,2003,0.17300000000000001,0.030000000000000002,2002-11-19T06:48:37Z,-20.108617371537434,9.154236939993458
6134564,CALBOR,Veneguera,11001,11001001,Biotrack,2002,2003,0.17300000000000001,0.030000000000000002,2002-11-19T19:26:45Z,-20.345463187725517,7.053252369452217
6134564,CALBOR,Veneguera,11001,11001001,Biotrack,2002,2003,0.17300000000000001,0.030000000000000002,2002-11-20T06:45:17Z,-20.832635512198802,4.440319496864047
6134564,CALBOR,Veneguera,11001,11001001,Biotrack,2002,2003,0.17300000000000001,0.030000000000000002,2002-11-20T19:38:56Z,-21.185487448267413,0.9478306063479871
6134564,CALBOR,Veneguera,11001,11001001,Biotrack,2002,2003,0.17300000000000001,0.030000000000000002,2002-11-21T06:38:58Z,-21.68057607083793,-2.4222415941475663
6134564,CALBOR,Veneguera,11001,11001001,Biotrack,2002,2003,0.17300000000000001,0.030000000000000002,2002-11-21T19:54:35Z,-23.394812740479644,-3.4554770673900643
6134564,CALBOR,Veneguera,11001,11001001,Biotrack,2002,2003,0.17300000000000001,0.030000000000000002,2002-11-22T06:48:53Z,-25.099158191069392,-4.973584666308178
6134564,CALBOR,Veneguera,11001,11001001,Biotrack,2002,2003,0.17300000000000001,0.030000000000000002,2002-11-22T20:15:34Z,-26.61477382847277,-8.394306455138782
6134564,CALBOR,Veneguera,11001,11001001,Biotrack,2002,2003,0.17300000000000001,0.030000000000000002,2002-11-23T06:50:23Z,-27.753178650507003,-10.71851119384667
6134564,CALBOR,Veneguera,11001,11001001,Biotrack,2002,2003,0.17300000000000001,0.030000000000000002,2002-11-23T20:35:33Z,-29.76060799395731,-12.523381013179346
6134564,CALBOR,Veneguera,11001,11001001,Biotrack,2002,2003,0.17300000000000001,0.030000000000000002,2002-11-24T06:59:19Z,-31.662587979126943,-14.55503384400524
6134564,CALBOR,Veneguera,11001,11001001,Biotrack,2002,2003,0.17300000000000001,0.030000000000000002,2002-11-24T21:02:53Z,-32.9353677812951,-20.09809433214518
6134564,CALBOR,Veneguera,11001,11001001,Biotrack,2002,2003,0.17300000000000001,0.030000000000000002,2002-11-25T06:50:31Z,-32.72324944990724,-21.45346806571324
6134564,CALBOR,Veneguera,11001,11001001,Biotrack,2002,2003,0.17300000000000001,0.030000000000000002,2002-11-25T21:08:12Z,-32.957643522811054,-22.316023293417526
6134564,CALBOR,Veneguera,11001,11001001,Biotrack,2002,2003,0.17300000000000001,0.030000000000000002,2002-11-26T06:48:59Z,-33.41476541970692,-23.41935741044796
6134564,CALBOR,Veneguera,11001,11001001,Biotrack,2002,2003,0.17300000000000001,0.030000000000000002,2002-11-26T21:19:31Z,-33.53573249994567,-26.024082732718913
6134564,CALBOR,Veneguera,11001,11001001,Biotrack,2002,2003,0.17300000000000001,0.030000000000000002,2002-11-27T06:40:03Z,-33.011497697609244,-26.606971690038293
6134564,CALBOR,Veneguera,11001,11001001,Biotrack,2002,2003,0.17300000000000001,0.030000000000000002,2002-11-27T21:18:23Z,-30.812199645909015,-29.58059433705043
6134564,CALBOR,Veneguera,11001,11001001,Biotrack,2002,2003,0.17300000000000001,0.030000000000000002,2002-11-28T06:13:30Z,-29.490354138257448,-31.433037499546987
6134564,CALBOR,Veneguera,11001,11001001,Biotrack,2002,2003,0.17300000000000001,0.030000000000000002,2002-11-28T21:17:39Z,-29.14167893350462,-31.56042029138919
6134564,CALBOR,Veneguera,11001,11001001,Biotrack,2002,2003,0.17300000000000001,0.030000000000000002,2002-11-29T06:10:29Z,-28.117818772697632,-30.39681639947442
6134564,CALBOR,Veneguera,11001,11001001,Biotrack,2002,2003,0.17300000000000001,0.030000000000000002,2002-11-29T20:59:28Z,-22.477532546535418,-33.865470954139234
6134564,CALBOR,Veneguera,11001,11001001,Biotrack,2002,2003,0.17300000000000001,0.030000000000000002,2002-11-30T05:18:28Z,-18.78089922817322,-35.30425889120079
6134564,CALBOR,Veneguera,11001,11001001,Biotrack,2002,2003,0.17300000000000001,0.030000000000000002,2002-11-30T20:29:27Z,-15.701431045836157,-32.866684683271295
6134564,CALBOR,Veneguera,11001,11001001,Biotrack,2002,2003,0.17300000000000001,0.030000000000000002,2002-12-01T05:10:57Z,-14.407704298509781,-31.96077171928759
6134564,CALBOR,Veneguera,11001,11001001,Biotrack,2002,2003,0.17300000000000001,0.030000000000000002,2002-12-01T20:09:27Z,-12.570600262995422,-29.89175028667474
6134564,CALBOR,Veneguera,11001,11001001,Biotrack,2002,2003,0.17300000000000001,0.030000000000000002,2002-12-02T05:08:26Z,-11.467292458710777,-28.518843882523527
6134564,CALBOR,Veneguera,11001,11001001,Biotrack,2002,2003,0.17300000000000001,0.030000000000000002,2002-12-02T19:49:26Z,-6.074848909165885,-31.468014423591786
6134564,CALBOR,Veneguera,11001,11001001,Biotrack,2002,2003,0.17300000000000001,0.030000000000000002,2002-12-03T04:20:38Z,-3.297946020121839,-33.868894565526645
6134564,CALBOR,Veneguera,11001,11001001,Biotrack,2002,2003,0.17300000000000001,0.030000000000000002,2002-12-03T19:37:11Z,0.3518522890881961,-35.703922025495785
6134564,CALBOR,Veneguera,11001,11001001,Biotrack,2002,2003,0.17300000000000001,0.030000000000000002,2002-12-04T03:48:38Z,2.2897452296651988,-36.786109149409484
6134564,CALBOR,Veneguera,11001,11001001,Biotrack,2002,2003,0.17300000000000001,0.030000000000000002,2002-12-04T19:25:23Z,4.916577903969215,-37.37434008334122
6134564,CALBOR,Veneguera,11001,11001001,Biotrack,2002,2003,0.17300000000000001,0.030000000000000002,2002-12-05T03:29:18Z,7.325200262105674,-36.398569718802605
6134564,CALBOR,Veneguera,11001,11001001,Biotrack,2002,2003,0.17300000000000001,0.030000000000000002,2002-12-05T18:49:23Z,9.619444768789434,-31.77862614744816
6134564,CALBOR,Veneguera,11001,11001001,Biotrack,2002,2003,0.17300000000000001,0.030000000000000002,2002-12-06T03:38:23Z,10.176313792689786,-29.793215066596453
6134564,CALBOR,Veneguera,11001,11001001,Biotrack,2002,2003,0.17300000000000001,0.030000000000000002,2002-12-06T18:29:21Z,13.224077714533262,-29.483582351233725
6134564,CALBOR,Veneguera,11001,11001001,Biotrack,2002,2003,0.17300000000000001,0.030000000000000002,2002-12-07T03:20:22Z,13.798579262284372,-31.095544829560833
6134564,CALBOR,Veneguera,11001,11001001,Biotrack,2002,2003,0.17300000000000001,0.030000000000000002,2002-12-07T18:36:01Z,13.500208020491538,-31.953725600055602
6134564,CALBOR,Veneguera,11001,11001001,Biotrack,2002,2003,0.17300000000000001,0.030000000000000002,2002-12-08T03:18:21Z,13.122879622578475,-32.69070729556009
6134564,CALBOR,Veneguera,11001,11001001,Biotrack,2002,2003,0.17300000000000001,0.030000000000000002,2002-12-08T18:47:19Z,12.290924759399841,-33.78399534641664
6134564,CALBOR,Veneguera,11001,11001001,Biotrack,2002,2003,0.17300000000000001,0.030000000000000002,2002-12-09T03:18:20Z,12.687068980735743,-33.28404331571435
6134564,CALBOR,Veneguera,11001,11001001,Biotrack,2002,2003,0.17300000000000001,0.030000000000000002,2002-12-09T18:39:20Z,13.366987122050968,-32.343723271481835
6134564,CALBOR,Veneguera,11001,11001001,Biotrack,2002,2003,0.17300000000000001,0.030000000000000002,2002-12-10T03:18:45Z,13.389546725836652,-32.27816459866496
6134564,CALBOR,Veneguera,11001,11001001,Biotrack,2002,2003,0.17300000000000001,0.030000000000000002,2002-12-10T18:39:19Z,12.968723870998652,-31.550245098401433
6134564,CALBOR,Veneguera,11001,11001001,Biotrack,2002,2003,0.17300000000000001,0.030000000000000002,2002-12-11T03:24:58Z,13.188223235799091,-30.495115409181693
6134564,CALBOR,Veneguera,11001,11001001,Biotrack,2002,2003,0.17300000000000001,0.030000000000000002,2002-12-11T18:29:18Z,14.183256400181797,-29.521904523555637
6134564,CALBOR,Veneguera,11001,11001001,Biotrack,2002,2003,0.17300000000000001,0.030000000000000002,2002-12-12T03:23:18Z,14.420388089262085,-29.432353783591136
6134564,CALBOR,Veneguera,11001,11001001,Biotrack,2002,2003,0.17300000000000001,0.030000000000000002,2002-12-12T18:26:47Z,15.736006886169367,-30.542675808886678
6134564,CALBOR,Veneguera,11001,11001001,Biotrack,2002,2003,0.17300000000000001,0.030000000000000002,2002-12-13T03:10:06Z,15.93338054949516,-31.938611636750235
6134564,CALBOR,Veneguera,11001,11001001,Biotrack,2002,2003,0.17300000000000001,0.030000000000000002,2002-12-13T18:36:46Z,16.17143701786239,-34.103629147016896
6134564,CALBOR,Veneguera,11001,11001001,Biotrack,2002,2003,0.17300000000000001,0.030000000000000002,2002-12-14T02:58:16Z,16.624180540605348,-34.84442670559311
6134564,CALBOR,Veneguera,11001,11001001,Biotrack,2002,2003,0.17300000000000001,0.030000000000000002,2002-12-14T18:39:15Z,15.155019830101258,-33.388865354876565
6134564,CALBOR,Veneguera,11001,11001001,Biotrack,2002,2003,0.17300000000000001,0.030000000000000002,2002-12-15T03:14:55Z,14.16551393684745,-32.83233063944744
6134564,CALBOR,Veneguera,11001,11001001,Biotrack,2002,2003,0.17300000000000001,0.030000000000000002,2002-12-15T18:45:53Z,14.020211788316317,-33.845115535681806
6134564,CALBOR,Veneguera,11001,11001001,Biotrack,2002,2003,0.17300000000000001,0.030000000000000002,2002-12-16T03:11:05Z,14.524084079521316,-33.67001961897839
6134564,CALBOR,Veneguera,11001,11001001,Biotrack,2002,2003,0.17300000000000001,0.030000000000000002,2002-12-16T18:39:14Z,14.568538566911323,-32.24273628340708
6134564,CALBOR,Veneguera,11001,11001001,Biotrack,2002,2003,0.17300000000000001,0.030000000000000002,2002-12-17T03:18:13Z,13.97353941953184,-32.2248897310945
6134564,CALBOR,Veneguera,11001,11001001,Biotrack,2002,2003,0.17300000000000001,0.030000000000000002,2002-12-17T18:46:21Z,14.24390812143629,-33.85949110079814
6134564,CALBOR,Veneguera,11001,11001001,Biotrack,2002,2003,0.17300000000000001,0.030000000000000002,2002-12-18T03:08:49Z,14.793201201241079,-34.23942557567341
6134564,CALBOR,Veneguera,11001,11001001,Biotrack,2002,2003,0.17300000000000001,0.030000000000000002,2002-12-18T18:44:12Z,14.963868372298704,-33.906647980088316
6134564,CALBOR,Veneguera,11001,11001001,Biotrack,2002,2003,0.17300000000000001,0.030000000000000002,2002-12-19T03:09:51Z,15.035691743289375,-33.751194609246355
6134564,CALBOR,Veneguera,11001,11001001,Biotrack,2002,2003,0.17300000000000001,0.030000000000000002,2002-12-19T18:42:31Z,14.58115204153982,-32.7306023254372
6134564,CALBOR,Veneguera,11001,11001001,Biotrack,2002,2003,0.17300000000000001,0.030000000000000002,2002-12-20T03:18:11Z,14.18070629069422,-32.352753692064155
6134564,CALBOR,Veneguera,11001,11001001,Biotrack,2002,2003,0.17300000000000001,0.030000000000000002,2002-12-20T18:44:10Z,14.021998818303945,-32.3776394557407
6134564,CALBOR,Veneguera,11001,11001001,Biotrack,2002,2003,0.17300000000000001,0.030000000000000002,2002-12-21T03:19:30Z,13.813449423425704,-32.54436552566534
6134564,CALBOR,Veneguera,11001,11001001,Biotrack,2002,2003,0.17300000000000001,0.030000000000000002,2002-12-21T18:48:31Z,14.363909818549969,-33.97839203210103
6134564,CALBOR,Veneguera,11001,11001001,Biotrack,2002,2003,0.17300000000000001,0.030000000000000002,2002-12-22T03:09:24Z,15.315059091402182,-33.9486319788196
6134564,CALBOR,Veneguera,11001,11001001,Biotrack,2002,2003,0.17300000000000001,0.030000000000000002,2002-12-22T18:37:53Z,16.36063040998707,-33.02815033490909
6134564,CALBOR,Veneguera,11001,11001001,Biotrack,2002,2003,0.17300000000000001,0.030000000000000002,2002-12-23T03:08:08Z,15.706469545555143,-33.9997049907533
6134564,CALBOR,Veneguera,11001,11001001,Biotrack,2002,2003,0.17300000000000001,0.030000000000000002,2002-12-23T18:55:07Z,13.573163174420799,-34.721484919188526
6134564,CALBOR,Veneguera,11001,11001001,Biotrack,2002,2003,0.17300000000000001,0.030000000000000002,2002-12-24T03:18:07Z,13.890040866436141,-33.338123922307695
6134564,CALBOR,Veneguera,11001,11001001,Biotrack,2002,2003,0.17300000000000001,0.030000000000000002,2002-12-24T18:39:07Z,14.865815859735488,-31.215181518173054
6134564,CALBOR,Veneguera,11001,11001001,Biotrack,2002,2003,0.17300000000000001,0.030000000000000002,2002-12-25T03:23:06Z,14.01049187492468,-31.794819519768062
6134564,CALBOR,Veneguera,11001,11001001,Biotrack,2002,2003,0.17300000000000001,0.030000000000000002,2002-12-25T18:54:06Z,12.758828658460434,-33.18858600291634
6134564,CALBOR,Veneguera,11001,11001001,Biotrack,2002,2003,0.17300000000000001,0.030000000000000002,2002-12-26T03:24:45Z,12.982482973005727,-32.78990373313867
6134564,CALBOR,Veneguera,11001,11001001,Biotrack,2002,2003,0.17300000000000001,0.030000000000000002,2002-12-26T18:48:25Z,13.228449970509255,-31.860685554565343
6134564,CALBOR,Veneguera,11001,11001001,Biotrack,2002,2003,0.17300000000000001,0.030000000000000002,2002-12-27T03:28:23Z,13.636346082431054,-30.95187923173989
6134564,CALBOR,Veneguera,11001,11001001,Biotrack,2002,2003,0.17300000000000001,0.030000000000000002,2002-12-27T18:36:50Z,14.659589421929974,-29.775346807015524
6134564,CALBOR,Veneguera,11001,11001001,Biotrack,2002,2003,0.17300000000000001,0.030000000000000002,2002-12-28T03:28:04Z,14.617281834521657,-29.95623400778638
6134564,CALBOR,Veneguera,11001,11001001,Biotrack,2002,2003,0.17300000000000001,0.030000000000000002,2002-12-28T18:39:03Z,14.483886213535115,-30.1847301701481
6134564,CALBOR,Veneguera,11001,11001001,Biotrack,2002,2003,0.17300000000000001,0.030000000000000002,2002-12-29T03:28:31Z,13.73048070516785,-31.205410032400355
6134564,CALBOR,Veneguera,11001,11001001,Biotrack,2002,2003,0.17300000000000001,0.030000000000000002,2002-12-29T18:56:10Z,12.418256837205256,-33.00673201270181
6134564,CALBOR,Veneguera,11001,11001001,Biotrack,2002,2003,0.17300000000000001,0.030000000000000002,2002-12-30T03:28:52Z,12.467192492400962,-32.98580756051929
6134564,CALBOR,Veneguera,11001,11001001,Biotrack,2002,2003,0.17300000000000001,0.030000000000000002,2002-12-30T18:55:41Z,13.872864233114257,-34.55193714087702
6134564,CALBOR,Veneguera,11001,11001001,Biotrack,2002,2003,0.17300000000000001,0.030000000000000002,2002-12-31T03:13:01Z,14.58667626810799,-35.445538282644
6134564,CALBOR,Veneguera,11001,11001001,Biotrack,2002,2003,0.17300000000000001,0.030000000000000002,2002-12-31T18:56:08Z,14.041390472925412,-34.85129630892894
6134564,CALBOR,Veneguera,11001,11001001,Biotrack,2002,2003,0.17300000000000001,0.030000000000000002,2003-01-01T03:20:13Z,14.677897734677451,-33.34991590773848
6134564,CALBOR,Veneguera,11001,11001001,Biotrack,2002,2003,0.17300000000000001,0.030000000000000002,2003-01-01T18:35:40Z,15.748274997873787,-30.405398177686987
6134564,CALBOR,Veneguera,11001,11001001,Biotrack,2002,2003,0.17300000000000001,0.030000000000000002,2003-01-02T03:28:30Z,14.876227860717947,-30.64759392940532
6134564,CALBOR,Veneguera,11001,11001001,Biotrack,2002,2003,0.17300000000000001,0.030000000000000002,2003-01-02T18:47:19Z,14.33949018207067,-32.377835096722244
6134564,CALBOR,Veneguera,11001,11001001,Biotrack,2002,2003,0.17300000000000001,0.030000000000000002,2003-01-03T03:24:37Z,14.185410748233233,-33.11855348531575
6134564,CALBOR,Veneguera,11001,11001001,Biotrack,2002,2003,0.17300000000000001,0.030000000000000002,2003-01-03T18:55:37Z,13.324181641340362,-33.70228232596456
6134564,CALBOR,Veneguera,11001,11001001,Biotrack,2002,2003,0.17300000000000001,0.030000000000000002,2003-01-04T03:27:57Z,13.217719762855978,-33.55825824998241
6134564,CALBOR,Veneguera,11001,11001001,Biotrack,2002,2003,0.17300000000000001,0.030000000000000002,2003-01-04T18:55:36Z,12.759203608723444,-32.94916004346937
6134564,CALBOR,Veneguera,11001,11001001,Biotrack,2002,2003,0.17300000000000001,0.030000000000000002,2003-01-05T03:34:36Z,12.803364761862088,-32.20592383800159
6134564,CALBOR,Veneguera,11001,11001001,Biotrack,2002,2003,0.17300000000000001,0.030000000000000002,2003-01-05T18:48:56Z,13.906884872622513,-32.2492685320024
6134564,CALBOR,Veneguera,11001,11001001,Biotrack,2002,2003,0.17300000000000001,0.030000000000000002,2003-01-06T03:28:19Z,14.082254455322246,-32.87578251785325
6134564,CALBOR,Veneguera,11001,11001001,Biotrack,2002,2003,0.17300000000000001,0.030000000000000002,2003-01-06T18:52:15Z,14.322208457992007,-33.867987145981886
6134564,CALBOR,Veneguera,11001,11001001,Biotrack,2002,2003,0.17300000000000001,0.030000000000000002,2003-01-07T03:22:55Z,14.973484044375487,-33.74753546796039
6134564,CALBOR,Veneguera,11001,11001001,Biotrack,2002,2003,0.17300000000000001,0.030000000000000002,2003-01-07T18:43:54Z,14.492030609691374,-31.300635937001868
6134564,CALBOR,Veneguera,11001,11001001,Biotrack,2002,2003,0.17300000000000001,0.030000000000000002,2003-01-08T03:38:22Z,13.745368077143604,-30.49154873820406
6134564,CALBOR,Veneguera,11001,11001001,Biotrack,2002,2003,0.17300000000000001,0.030000000000000002,2003-01-08T18:45:34Z,14.779713842617026,-32.28220154318631
6134564,CALBOR,Veneguera,11001,11001001,Biotrack,2002,2003,0.17300000000000001,0.030000000000000002,2003-01-09T03:24:33Z,15.347086712073752,-33.33473337338368
6134564,CALBOR,Veneguera,11001,11001001,Biotrack,2002,2003,0.17300000000000001,0.030000000000000002,2003-01-09T18:47:46Z,15.239027922601508,-33.67655517497254
6134564,CALBOR,Veneguera,11001,11001001,Biotrack,2002,2003,0.17300000000000001,0.030000000000000002,2003-01-10T03:24:32Z,15.24604013717942,-33.78091898323445
6134564,CALBOR,Veneguera,11001,11001001,Biotrack,2002,2003,0.17300000000000001,0.030000000000000002,2003-01-10T18:48:27Z,14.198283388898158,-32.53754920420899
6134564,CALBOR,Veneguera,11001,11001001,Biotrack,2002,2003,0.17300000000000001,0.030000000000000002,2003-01-11T03:37:51Z,13.255699180222729,-32.29711688590747
6134564,CALBOR,Veneguera,11001,11001001,Biotrack,2002,2003,0.17300000000000001,0.030000000000000002,2003-01-11T18:56:37Z,13.272713008781782,-34.09579928362251
6134564,CALBOR,Veneguera,11001,11001001,Biotrack,2002,2003,0.17300000000000001,0.030000000000000002,2003-01-12T03:30:21Z,14.174498925583435,-33.900498909368906
6134564,CALBOR,Veneguera,11001,11001001,Biotrack,2002,2003,0.17300000000000001,0.030000000000000002,2003-01-12T18:44:49Z,15.20428109848433,-32.80138087958488
6134564,CALBOR,Veneguera,11001,11001001,Biotrack,2002,2003,0.17300000000000001,0.030000000000000002,2003-01-13T03:30:03Z,15.16178425196788,-33.01935517516546
6134564,CALBOR,Veneguera,11001,11001001,Biotrack,2002,2003,0.17300000000000001,0.030000000000000002,2003-01-13T18:46:49Z,15.081487765893561,-33.394036830624344
6134564,CALBOR,Veneguera,11001,11001001,Biotrack,2002,2003,0.17300000000000001,0.030000000000000002,2003-01-14T03:29:49Z,15.096381854005209,-33.52641147017123
6134564,CALBOR,Veneguera,11001,11001001,Biotrack,2002,2003,0.17300000000000001,0.030000000000000002,2003-01-14T18:47:28Z,14.2465717345338,-32.53551285314488
6134564,CALBOR,Veneguera,11001,11001001,Biotrack,2002,2003,0.17300000000000001,0.030000000000000002,2003-01-15T03:40:39Z,14.21170404505286,-31.280798877422317
6134564,CALBOR,Veneguera,11001,11001001,Biotrack,2002,2003,0.17300000000000001,0.030000000000000002,2003-01-15T18:38:15Z,14.823970213207476,-30.09138938112743
6134564,CALBOR,Veneguera,11001,11001001,Biotrack,2002,2003,0.17300000000000001,0.030000000000000002,2003-01-16T03:42:47Z,14.030012123082992,-31.098726223429793
6134564,CALBOR,Veneguera,11001,11001001,Biotrack,2002,2003,0.17300000000000001,0.030000000000000002,2003-01-16T18:53:47Z,13.068660042584883,-33.32371491839372
6134564,CALBOR,Veneguera,11001,11001001,Biotrack,2002,2003,0.17300000000000001,0.030000000000000002,2003-01-17T03:40:16Z,13.291898415080482,-33.466404701478424
6134564,CALBOR,Veneguera,11001,11001001,Biotrack,2002,2003,0.17300000000000001,0.030000000000000002,2003-01-17T18:52:06Z,14.44527662351621,-34.754504727236636
6134564,CALBOR,Veneguera,11001,11001001,Biotrack,2002,2003,0.17300000000000001,0.030000000000000002,2003-01-18T03:28:09Z,15.202444994771653,-35.35297420037226
6134564,CALBOR,Veneguera,11001,11001001,Biotrack,2002,2003,0.17300000000000001,0.030000000000000002,2003-01-18T18:48:05Z,15.447851213119867,-34.91644815775335
6134564,CALBOR,Veneguera,11001,11001001,Biotrack,2002,2003,0.17300000000000001,0.030000000000000002,2003-01-19T03:29:45Z,15.487958269787852,-34.7989444462743
6134564,CALBOR,Veneguera,11001,11001001,Biotrack,2002,2003,0.17300000000000001,0.030000000000000002,2003-01-19T18:46:14Z,15.315863831251175,-34.25120433179518
6134564,CALBOR,Veneguera,11001,11001001,Biotrack,2002,2003,0.17300000000000001,0.030000000000000002,2003-01-20T03:34:24Z,15.323556124381817,-33.77654011683196
6134564,CALBOR,Veneguera,11001,11001001,Biotrack,2002,2003,0.17300000000000001,0.030000000000000002,2003-01-20T18:42:03Z,15.320149787843635,-32.911296914721895
6134564,CALBOR,Veneguera,11001,11001001,Biotrack,2002,2003,0.17300000000000001,0.030000000000000002,2003-01-21T03:39:15Z,14.813231407227482,-33.137731017877115
6134564,CALBOR,Veneguera,11001,11001001,Biotrack,2002,2003,0.17300000000000001,0.030000000000000002,2003-01-21T18:48:42Z,14.458154535961164,-34.263868011651375
6134564,CALBOR,Veneguera,11001,11001001,Biotrack,2002,2003,0.17300000000000001,0.030000000000000002,2003-01-22T03:37:42Z,14.566482462689217,-34.45810072791087
6134564,CALBOR,Veneguera,11001,11001001,Biotrack,2002,2003,0.17300000000000001,0.030000000000000002,2003-01-22T18:48:27Z,14.630625720838172,-34.61974534777406
6134564,CALBOR,Veneguera,11001,11001001,Biotrack,2002,2003,0.17300000000000001,0.030000000000000002,2003-01-23T03:37:41Z,14.711764290649914,-34.651985729147114
6134564,CALBOR,Veneguera,11001,11001001,Biotrack,2002,2003,0.17300000000000001,0.030000000000000002,2003-01-23T18:47:14Z,14.69249894024571,-34.47917097666349
6134564,CALBOR,Veneguera,11001,11001001,Biotrack,2002,2003,0.17300000000000001,0.030000000000000002,2003-01-24T03:39:40Z,15.052284097977173,-33.812870312975065
6134564,CALBOR,Veneguera,11001,11001001,Biotrack,2002,2003,0.17300000000000001,0.030000000000000002,2003-01-24T18:38:02Z,15.075507450613472,-31.732185129468863
6134564,CALBOR,Veneguera,11001,11001001,Biotrack,2002,2003,0.17300000000000001,0.030000000000000002,2003-01-25T03:49:11Z,14.45767954876256,-31.435170130112624
6134564,CALBOR,Veneguera,11001,11001001,Biotrack,2002,2003,0.17300000000000001,0.030000000000000002,2003-01-25T18:41:59Z,14.280325290143644,-32.28105410362204
6134564,CALBOR,Veneguera,11001,11001001,Biotrack,2002,2003,0.17300000000000001,0.030000000000000002,2003-01-26T03:48:00Z,14.044191042548578,-32.99215909089381
6134564,CALBOR,Veneguera,11001,11001001,Biotrack,2002,2003,0.17300000000000001,0.030000000000000002,2003-01-26T18:48:38Z,13.367251517161645,-33.71569051715288
6134564,CALBOR,Veneguera,11001,11001001,Biotrack,2002,2003,0.17300000000000001,0.030000000000000002,2003-01-27T03:50:29Z,13.301286534122944,-33.61501746015867
6134564,CALBOR,Veneguera,11001,11001001,Biotrack,2002,2003,0.17300000000000001,0.030000000000000002,2003-01-27T18:47:59Z,12.797689059179207,-32.80064845486679
6134564,CALBOR,Veneguera,11001,11001001,Biotrack,2002,2003,0.17300000000000001,0.030000000000000002,2003-01-28T03:58:03Z,12.587308166372592,-32.13354502136289
6134564,CALBOR,Veneguera,11001,11001001,Biotrack,2002,2003,0.17300000000000001,0.030000000000000002,2003-01-28T18:45:16Z,13.443608721346845,-33.0187127764504
6134564,CALBOR,Veneguera,11001,11001001,Biotrack,2002,2003,0.17300000000000001,0.030000000000000002,2003-01-29T03:50:05Z,14.201412421540875,-33.184695383854944
6134564,CALBOR,Veneguera,11001,11001001,Biotrack,2002,2003,0.17300000000000001,0.030000000000000002,2003-01-29T18:37:40Z,14.625426761154678,-32.1075491105475
6134564,CALBOR,Veneguera,11001,11001001,Biotrack,2002,2003,0.17300000000000001,0.030000000000000002,2003-01-30T03:52:35Z,14.478505242793952,-32.11936095185711
6134564,CALBOR,Veneguera,11001,11001001,Biotrack,2002,2003,0.17300000000000001,0.030000000000000002,2003-01-30T18:38:34Z,14.036328670440202,-31.77025549639049
6134564,CALBOR,Veneguera,11001,11001001,Biotrack,2002,2003,0.17300000000000001,0.030000000000000002,2003-01-31T03:57:47Z,13.86987944129204,-31.351710136330922
6134564,CALBOR,Veneguera,11001,11001001,Biotrack,2002,2003,0.17300000000000001,0.030000000000000002,2003-01-31T18:37:08Z,13.95808641836453,-31.307433532409547
6134564,CALBOR,Veneguera,11001,11001001,Biotrack,2002,2003,0.17300000000000001,0.030000000000000002,2003-02-01T03:58:22Z,13.391989457682905,-32.37479292280491
6134564,CALBOR,Veneguera,11001,11001001,Biotrack,2002,2003,0.17300000000000001,0.030000000000000002,2003-02-01T18:48:33Z,12.602520231897355,-34.26110543452837
6134564,CALBOR,Veneguera,11001,11001001,Biotrack,2002,2003,0.17300000000000001,0.030000000000000002,2003-02-02T03:57:32Z,12.9755520207411,-33.93335514967442
6134564,CALBOR,Veneguera,11001,11001001,Biotrack,2002,2003,0.17300000000000001,0.030000000000000002,2003-02-02T18:41:51Z,14.181992115754904,-34.44554625429741
6134564,CALBOR,Veneguera,11001,11001001,Biotrack,2002,2003,0.17300000000000001,0.030000000000000002,2003-02-03T03:48:51Z,14.810372571238679,-34.97452349115947
6134564,CALBOR,Veneguera,11001,11001001,Biotrack,2002,2003,0.17300000000000001,0.030000000000000002,2003-02-03T18:37:36Z,14.187625630389354,-32.948754442348516
6134564,CALBOR,Veneguera,11001,11001001,Biotrack,2002,2003,0.17300000000000001,0.030000000000000002,2003-02-04T04:01:31Z,13.150171293559582,-32.80380712383479
6134564,CALBOR,Veneguera,11001,11001001,Biotrack,2002,2003,0.17300000000000001,0.030000000000000002,2003-02-04T18:46:30Z,11.99989590278548,-33.429845134071115
6134564,CALBOR,Veneguera,11001,11001001,Biotrack,2002,2003,0.17300000000000001,0.030000000000000002,2003-02-05T04:07:52Z,12.15510067192803,-32.175704203887584
6134564,CALBOR,Veneguera,11001,11001001,Biotrack,2002,2003,0.17300000000000001,0.030000000000000002,2003-02-05T18:37:14Z,13.355404763444977,-32.03292566633748
6134564,CALBOR,Veneguera,11001,11001001,Biotrack,2002,2003,0.17300000000000001,0.030000000000000002,2003-02-06T04:01:29Z,13.453990662395464,-33.23542262274473
6134564,CALBOR,Veneguera,11001,11001001,Biotrack,2002,2003,0.17300000000000001,0.030000000000000002,2003-02-06T18:41:48Z,13.681347100097119,-35.17599345762596
6134564,CALBOR,Veneguera,11001,11001001,Biotrack,2002,2003,0.17300000000000001,0.030000000000000002,2003-02-07T03:54:08Z,14.720253274778214,-34.744359711982405
6134564,CALBOR,Veneguera,11001,11001001,Biotrack,2002,2003,0.17300000000000001,0.030000000000000002,2003-02-07T18:27:47Z,14.766860417951936,-30.94236488690781
6134564,CALBOR,Veneguera,11001,11001001,Biotrack,2002,2003,0.17300000000000001,0.030000000000000002,2003-02-08T04:07:55Z,13.883457662583483,-30.153372032238416
6134564,CALBOR,Veneguera,11001,11001001,Biotrack,2002,2003,0.17300000000000001,0.030000000000000002,2003-02-08T18:31:47Z,14.24461811697539,-32.40148833239642
6134564,CALBOR,Veneguera,11001,11001001,Biotrack,2002,2003,0.17300000000000001,0.030000000000000002,2003-02-09T03:59:15Z,14.361388808127922,-34.0753485343929
6134564,CALBOR,Veneguera,11001,11001001,Biotrack,2002,2003,0.17300000000000001,0.030000000000000002,2003-02-09T18:38:14Z,12.507110949658149,-32.56307334120307
6134564,CALBOR,Veneguera,11001,11001001,Biotrack,2002,2003,0.17300000000000001,0.030000000000000002,2003-02-10T04:17:25Z,12.131583481970466,-29.761980448631505
6134564,CALBOR,Veneguera,11001,11001001,Biotrack,2002,2003,0.17300000000000001,0.030000000000000002,2003-02-10T18:27:53Z,12.88764291706757,-28.273389851606833
6134564,CALBOR,Veneguera,11001,11001001,Biotrack,2002,2003,0.17300000000000001,0.030000000000000002,2003-02-11T04:17:38Z,12.851130726471169,-28.512475536230113
6134564,CALBOR,Veneguera,11001,11001001,Biotrack,2002,2003,0.17300000000000001,0.030000000000000002,2003-02-11T18:28:24Z,13.438735998835721,-30.33409731367365
6134564,CALBOR,Veneguera,11001,11001001,Biotrack,2002,2003,0.17300000000000001,0.030000000000000002,2003-02-12T04:09:13Z,14.630375842892613,-29.71187481476335
6134564,CALBOR,Veneguera,11001,11001001,Biotrack,2002,2003,0.17300000000000001,0.030000000000000002,2003-02-12T18:13:23Z,15.509456930528103,-26.787365855996587
6134564,CALBOR,Veneguera,11001,11001001,Biotrack,2002,2003,0.17300000000000001,0.030000000000000002,2003-02-13T04:12:23Z,15.085305483147401,-27.238593196443222
6134564,CALBOR,Veneguera,11001,11001001,Biotrack,2002,2003,0.17300000000000001,0.030000000000000002,2003-02-13T18:18:22Z,14.994706261375185,-29.16077701595378
6134564,CALBOR,Veneguera,11001,11001001,Biotrack,2002,2003,0.17300000000000001,0.030000000000000002,2003-02-14T04:08:37Z,15.186153471406197,-29.85930146780013
6134564,CALBOR,Veneguera,11001,11001001,Biotrack,2002,2003,0.17300000000000001,0.030000000000000002,2003-02-14T18:18:21Z,14.541975560001553,-28.55270173863284
6134564,CALBOR,Veneguera,11001,11001001,Biotrack,2002,2003,0.17300000000000001,0.030000000000000002,2003-02-15T04:17:21Z,13.742177613993999,-28.5226703700768
6134564,CALBOR,Veneguera,11001,11001001,Biotrack,2002,2003,0.17300000000000001,0.030000000000000002,2003-02-15T18:25:00Z,13.958075886948539,-31.815274767019556
6134564,CALBOR,Veneguera,11001,11001001,Biotrack,2002,2003,0.17300000000000001,0.030000000000000002,2003-02-16T04:07:46Z,14.364947301222022,-33.40082158297369
6134564,CALBOR,Veneguera,11001,11001001,Biotrack,2002,2003,0.17300000000000001,0.030000000000000002,2003-02-16T18:26:30Z,14.52720163232895,-34.651531408360434
6134564,CALBOR,Veneguera,11001,11001001,Biotrack,2002,2003,0.17300000000000001,0.030000000000000002,2003-02-17T04:03:59Z,14.453585096975639,-35.8805251321423
6134564,CALBOR,Veneguera,11001,11001001,Biotrack,2002,2003,0.17300000000000001,0.030000000000000002,2003-02-17T18:31:39Z,13.760931704283003,-36.45992234220686
6134564,CALBOR,Veneguera,11001,11001001,Biotrack,2002,2003,0.17300000000000001,0.030000000000000002,2003-02-18T04:07:55Z,13.926571528974776,-35.460821330128475
6134564,CALBOR,Veneguera,11001,11001001,Biotrack,2002,2003,0.17300000000000001,0.030000000000000002,2003-02-18T18:24:18Z,14.385462812864851,-34.33827386072918
6134564,CALBOR,Veneguera,11001,11001001,Biotrack,2002,2003,0.17300000000000001,0.030000000000000002,2003-02-19T04:08:58Z,14.459669123637088,-34.06692326227596
6134564,CALBOR,Veneguera,11001,11001001,Biotrack,2002,2003,0.17300000000000001,0.030000000000000002,2003-02-19T18:21:37Z,13.215888220746308,-33.444678961006474
6134564,CALBOR,Veneguera,11001,11001001,Biotrack,2002,2003,0.17300000000000001,0.030000000000000002,2003-02-20T04:28:32Z,11.150802411967183,-33.00176517788468
6134564,CALBOR,Veneguera,11001,11001001,Biotrack,2002,2003,0.17300000000000001,0.030000000000000002,2003-02-20T18:41:35Z,7.4332536802548255,-32.3792289658423
6134564,CALBOR,Veneguera,11001,11001001,Biotrack,2002,2003,0.17300000000000001,0.030000000000000002,2003-02-21T04:59:29Z,5.1754500654352125,-31.9282997994148
6134564,CALBOR,Veneguera,11001,11001001,Biotrack,2002,2003,0.17300000000000001,0.030000000000000002,2003-02-21T18:53:15Z,2.3214882315915535,-31.319836119215672
6134564,CALBOR,Veneguera,11001,11001001,Biotrack,2002,2003,0.17300000000000001,0.030000000000000002,2003-02-22T05:27:39Z,0.019519495218192295,-30.856865633406304
6134564,CALBOR,Veneguera,11001,11001001,Biotrack,2002,2003,0.17300000000000001,0.030000000000000002,2003-02-22T19:07:19Z,-2.364508496187919,-30.25869180795168
6134564,CALBOR,Veneguera,11001,11001001,Biotrack,2002,2003,0.17300000000000001,0.030000000000000002,2003-02-23T05:47:14Z,-4.379468160193228,-29.791695386066152
6134564,CALBOR,Veneguera,11001,11001001,Biotrack,2002,2003,0.17300000000000001,0.030000000000000002,2003-02-23T19:24:12Z,-7.209709348257946,-29.195491958328564
6134564,CALBOR,Veneguera,11001,11001001,Biotrack,2002,2003,0.17300000000000001,0.030000000000000002,2003-02-24T06:10:33Z,-9.796016659581234,-28.723800638178997
6134564,CALBOR,Veneguera,11001,11001001,Biotrack,2002,2003,0.17300000000000001,0.030000000000000002,2003-02-24T19:47:26Z,-13.335933343748332,-28.12765802518576
6134564,CALBOR,Veneguera,11001,11001001,Biotrack,2002,2003,0.17300000000000001,0.030000000000000002,2003-02-25T06:37:49Z,-14.33939063023393,-27.653023271409513
6134564,CALBOR,Veneguera,11001,11001001,Biotrack,2002,2003,0.17300000000000001,0.030000000000000002,2003-02-25T19:38:12Z,-15.09834774046174,-27.083517516442825
6134564,CALBOR,Veneguera,11001,11001001,Biotrack,2002,2003,0.17300000000000001,0.030000000000000002,2003-02-26T06:58:17Z,-18.01739997861987,-26.587208387779224
6134564,CALBOR,Veneguera,11001,11001001,Biotrack,2002,2003,0.17300000000000001,0.030000000000000002,2003-02-26T20:07:44Z,-21.320962164142262,-26.011085988626945
6134564,CALBOR,Veneguera,11001,11001001,Biotrack,2002,2003,0.17300000000000001,0.030000000000000002,2003-02-27T07:17:28Z,-22.466825492200282,-25.522330051211966
6134564,CALBOR,Veneguera,11001,11001001,Biotrack,2002,2003,0.17300000000000001,0.030000000000000002,2003-02-27T20:08:10Z,-23.937840512831045,-24.959890969539078
6134564,CALBOR,Veneguera,11001,11001001,Biotrack,2002,2003,0.17300000000000001,0.030000000000000002,2003-02-28T07:38:59Z,-27.279033884309115,-24.45574890180283
6134564,CALBOR,Veneguera,11001,11001001,Biotrack,2002,2003,0.17300000000000001,0.030000000000000002,2003-02-28T20:43:09Z,-29.565680311507776,-23.883482157442522
6134564,CALBOR,Veneguera,11001,11001001,Biotrack,2002,2003,0.17300000000000001,0.030000000000000002,2003-03-01T07:38:03Z,-28.863703251120278,-23.40555124452235
6134564,CALBOR,Veneguera,11001,11001001,Biotrack,2002,2003,0.17300000000000001,0.030000000000000002,2003-03-01T20:31:27Z,-30.010781312315636,-22.841141765132434
6134564,CALBOR,Veneguera,11001,11001001,Biotrack,2002,2003,0.17300000000000001,0.030000000000000002,2003-03-02T08:07:07Z,-33.252943497545935,-22.33346027927485
6134564,CALBOR,Veneguera,11001,11001001,Biotrack,2002,2003,0.17300000000000001,0.030000000000000002,2003-03-02T20:56:41Z,-34.93676164573134,-21.77184827812516
6134564,CALBOR,Veneguera,11001,11001001,Biotrack,2002,2003,0.17300000000000001,0.030000000000000002,2003-03-03T08:07:07Z,-35.33270341650395,-21.282581496857617
6134564,CALBOR,Veneguera,11001,11001001,Biotrack,2002,2003,0.17300000000000001,0.030000000000000002,2003-03-03T21:03:06Z,-35.85770597645504,-20.71628676039276
6134564,CALBOR,Veneguera,11001,11001001,Biotrack,2002,2003,0.17300000000000001,0.030000000000000002,2003-03-04T08:08:06Z,-36.72552908957669,-20.230985100457026
6134564,CALBOR,Veneguera,11001,11001001,Biotrack,2002,2003,0.17300000000000001,0.030000000000000002,2003-03-04T21:16:51Z,-38.970925573071646,-19.65537354515731
6134564,CALBOR,Veneguera,11001,11001001,Biotrack,2002,2003,0.17300000000000001,0.030000000000000002,2003-03-05T08:27:05Z,-40.73545459079042,-19.166252719276216
6134564,CALBOR,Veneguera,11001,11001001,Biotrack,2002,2003,0.17300000000000001,0.030000000000000002,2003-03-05T21:28:05Z,-42.19402644690144,-18.596296935201316
6134564,CALBOR,Veneguera,11001,11001001,Biotrack,2002,2003,0.17300000000000001,0.030000000000000002,2003-03-06T08:37:04Z,-43.34172461486842,-18.10808833048551
6134564,CALBOR,Veneguera,11001,11001001,Biotrack,2002,2003,0.17300000000000001,0.030000000000000002,2003-03-06T21:37:32Z,-44.72790583779965,-17.538521760774472
6134564,CALBOR,Veneguera,11001,11001001,Biotrack,2002,2003,0.17300000000000001,0.030000000000000002,2003-03-07T08:47:45Z,-46.38688395696795,-17.049413097842248
6134564,CALBOR,Veneguera,11001,11001001,Biotrack,2002,2003,0.17300000000000001,0.030000000000000002,2003-03-07T21:55:11Z,-48.24320365685613,-16.47476241550331
6134564,CALBOR,Veneguera,11001,11001001,Biotrack,2002,2003,0.17300000000000001,0.030000000000000002,2003-03-08T08:57:03Z,-49.30651490546866,-15.99174738995524
6134564,CALBOR,Veneguera,11001,11001001,Biotrack,2002,2003,0.17300000000000001,0.030000000000000002,2003-03-08T22:04:01Z,-50.88494052836495,-15.417437270184674
6134564,CALBOR,Veneguera,11001,11001001,Biotrack,2002,2003,0.17300000000000001,0.030000000000000002,2003-03-09T09:11:01Z,-51.07297884382453,-14.93067605638447
6134564,CALBOR,Veneguera,11001,11001001,Biotrack,2002,2003,0.17300000000000001,0.030000000000000002,2003-03-09T21:53:01Z,-49.438095010998524,-14.37458603402202
6134564,CALBOR,Veneguera,11001,11001001,Biotrack,2002,2003,0.17300000000000001,0.030000000000000002,2003-03-10T08:57:01Z,-48.65174890314772,-13.89001415101852
6134564,CALBOR,Veneguera,11001,11001001,Biotrack,2002,2003,0.17300000000000001,0.030000000000000002,2003-03-10T21:53:00Z,-49.68433432302795,-13.323719414553661
6134564,CALBOR,Veneguera,11001,11001001,Biotrack,2002,2003,0.17300000000000001,0.030000000000000002,2003-03-11T09:12:00Z,-50.1438012636707,-12.828200877566644
6134564,CALBOR,Veneguera,11001,11001001,Biotrack,2002,2003,0.17300000000000001,0.030000000000000002,2003-03-11T21:45:29Z,-48.211583594071236,-12.278326122077058
6134564,CALBOR,Veneguera,11001,11001001,Biotrack,2002,2003,0.17300000000000001,0.030000000000000002,2003-03-12T08:49:50Z,-45.02645186500897,-11.793498817147274
6134564,CALBOR,Veneguera,11001,11001001,Biotrack,2002,2003,0.17300000000000001,0.030000000000000002,2003-03-12T21:12:59Z,-40.74641674812813,-11.25116508995744
6134564,CALBOR,Veneguera,11001,11001001,Biotrack,2002,2003,0.17300000000000001,0.030000000000000002,2003-03-13T08:16:58Z,-36.65934434445049,-10.766605369902809
6134564,CALBOR,Veneguera,11001,11001001,Biotrack,2002,2003,0.17300000000000001,0.030000000000000002,2003-03-13T20:36:08Z,-32.36777557021331,-10.227178587493036
6134564,CALBOR,Veneguera,11001,11001001,Biotrack,2002,2003,0.17300000000000001,0.030000000000000002,2003-03-14T07:47:57Z,-30.633055809371676,-9.736902281469241
6134564,CALBOR,Veneguera,11001,11001001,Biotrack,2002,2003,0.17300000000000001,0.030000000000000002,2003-03-14T20:35:27Z,-28.86043027618002,-9.1767984859795
6134564,CALBOR,Veneguera,11001,11001001,Biotrack,2002,2003,0.17300000000000001,0.030000000000000002,2003-03-15T07:21:57Z,-25.04643251505751,-8.7049976992901
6134564,CALBOR,Veneguera,11001,11001001,Biotrack,2002,2003,0.17300000000000001,0.030000000000000002,2003-03-15T19:54:36Z,-20.714749296623673,-8.155731091244036
6134564,CALBOR,Veneguera,11001,11001001,Biotrack,2002,2003,0.17300000000000001,0.030000000000000002,2003-03-16T06:57:33Z,-16.199080545782426,27.019656628465672
6134564,CALBOR,Veneguera,11001,11001001,Biotrack,2002,2003,0.17300000000000001,0.030000000000000002,2003-03-16T19:51:15Z,-16.00410962667781,26.962726692446946
6134564,CALBOR,Veneguera,11001,11001001,Biotrack,2002,2003,0.17300000000000001,0.030000000000000002,2003-03-17T09:07:45Z,-15.78861,27.84444
6134564,CALBOR,Veneguera,11001,11001001,Biotrack,2002,2003,0.17300000000000001,0.030000000000000002,2003-03-17T09:27:05Z,-15.78861,27.84444
6134564,CALBOR,Veneguera,11001,11001001,Biotrack,2002,2003,0.17300000000000001,0.030000000000000002,2003-03-18T09:20:53Z,-15.78861,27.84444
6134564,CALBOR,Veneguera,11001,11001001,Biotrack,2002,2003,0.17300000000000001,0.030000000000000002,2003-03-18T16:57:54Z,-15.78861,27.84444
6134564,CALBOR,Veneguera,11001,11001001,Biotrack,2002,2003,0.17300000000000001,0.030000000000000002,2003-03-19T06:37:11Z,-15.060898622169503,28.475549044460465
6134564,CALBOR,Veneguera,11001,11001001,Biotrack,2002,2003,0.17300000000000001,0.030000000000000002,2003-03-19T19:43:53Z,-16.22857234675927,27.031841735866106
6134564,CALBOR,Veneguera,11001,11001001,Biotrack,2002,2003,0.17300000000000001,0.030000000000000002,2003-03-21T06:39:21Z,-16.722956732703924,28.200530151384513
6134564,CALBOR,Veneguera,11001,11001001,Biotrack,2002,2003,0.17300000000000001,0.030000000000000002,2003-03-21T19:53:51Z,-16.803282969613385,27.877561896256836
6134564,CALBOR,Veneguera,11001,11001001,Biotrack,2002,2003,0.17300000000000001,0.030000000000000002,2003-03-23T06:37:18Z,-16.144633662614684,26.99976471747171
6134564,CALBOR,Veneguera,11001,11001001,Biotrack,2002,2003,0.17300000000000001,0.030000000000000002,2003-03-23T19:47:49Z,-15.21185281661011,28.588232193087194
6134564,CALBOR,Veneguera,11001,11001001,Biotrack,2002,2003,0.17300000000000001,0.030000000000000002,2003-03-24T06:38:21Z,-16.68533879427379,28.27041028575232
6134564,CALBOR,Veneguera,11001,11001001,Biotrack,2002,2003,0.17300000000000001,0.030000000000000002,2003-03-24T19:47:48Z,-15.051973834442714,27.225418456007343
6134564,CALBOR,Veneguera,11001,11001001,Biotrack,2002,2003,0.17300000000000001,0.030000000000000002,2003-03-25T06:37:23Z,-15.033325536974825,27.243480345327356
6134564,CALBOR,Veneguera,11001,11001001,Biotrack,2002,2003,0.17300000000000001,0.030000000000000002,2003-03-25T19:51:07Z,-16.744241655380485,28.152338423397484
6134564,CALBOR,Veneguera,11001,11001001,Biotrack,2002,2003,0.17300000000000001,0.030000000000000002,2003-03-26T06:47:37Z,-14.97171772536726,27.311036782554396
6134564,CALBOR,Veneguera,11001,11001001,Biotrack,2002,2003,0.17300000000000001,0.030000000000000002,2003-03-26T19:51:06Z,-16.723150093823833,27.495064237406126
6134564,CALBOR,Veneguera,11001,11001001,Biotrack,2002,2003,0.17300000000000001,0.030000000000000002,2003-03-27T06:31:46Z,-16.775495497557475,27.636283192460155
6134564,CALBOR,Veneguera,11001,11001001,Biotrack,2002,2003,0.17300000000000001,0.030000000000000002,2003-03-27T19:54:54Z,-16.78489719967354,28.021462708035
6134564,CALBOR,Veneguera,11001,11001001,Biotrack,2002,2003,0.17300000000000001,0.030000000000000002,2003-03-28T06:33:25Z,-16.534766833141788,28.458342750377028
6134564,CALBOR,Veneguera,11001,11001001,Biotrack,2002,2003,0.17300000000000001,0.030000000000000002,2003-03-28T19:54:25Z,-16.76415726760084,28.09766412515163
6134564,CALBOR,Veneguera,11001,11001001,Biotrack,2002,2003,0.17300000000000001,0.030000000000000002,2003-03-29T06:29:35Z,-16.67212294138946,5.969089269199799
6134564,CALBOR,Veneguera,11001,11001001,Biotrack,2002,2003,0.17300000000000001,0.030000000000000002,2003-03-29T19:52:43Z,-16.441885401161475,6.555197449374816
6134564,CALBOR,Veneguera,11001,11001001,Biotrack,2002,2003,0.17300000000000001,0.030000000000000002,2003-03-30T06:27:23Z,-16.26080942047218,7.018362542366113
6134564,CALBOR,Veneguera,11001,11001001,Biotrack,2002,2003,0.17300000000000001,0.030000000000000002,2003-03-30T19:51:02Z,-16.2072388340229,7.604847773956116
6134564,CALBOR,Veneguera,11001,11001001,Biotrack,2002,2003,0.17300000000000001,0.030000000000000002,2003-03-31T06:27:42Z,-15.85249073869051,26.943795475211918
6134564,CALBOR,Veneguera,11001,11001001,Biotrack,2002,2003,0.17300000000000001,0.030000000000000002,2003-03-31T19:54:50Z,-15.329203722547373,27.0404451823436
6134564,CALBOR,Veneguera,11001,11001001,Biotrack,2002,2003,0.17300000000000001,0.030000000000000002,2003-04-02T06:31:41Z,-17.346237649745234,10.174136930426414
6134564,CALBOR,Veneguera,11001,11001001,Biotrack,2002,2003,0.17300000000000001,0.030000000000000002,2003-04-02T19:55:10Z,-17.80912366953537,10.760500532527715
6134564,CALBOR,Veneguera,11001,11001001,Biotrack,2002,2003,0.17300000000000001,0.030000000000000002,2003-04-03T06:36:40Z,-15.192570460537997,27.115190114460884
6134564,CALBOR,Veneguera,11001,11001001,Biotrack,2002,2003,0.17300000000000001,0.030000000000000002,2003-04-03T20:01:00Z,-16.417905707179038,28.5539574362143
6134564,CALBOR,Veneguera,11001,11001001,Biotrack,2002,2003,0.17300000000000001,0.030000000000000002,2003-04-04T06:30:38Z,-15.207673809138585,27.10557415901586
6134564,CALBOR,Veneguera,11001,11001001,Biotrack,2002,2003,0.17300000000000001,0.030000000000000002,2003-04-04T20:00:59Z,-15.149565848226182,28.547071335526844
6134564,CALBOR,Veneguera,11001,11001001,Biotrack,2002,2003,0.17300000000000001,0.030000000000000002,2003-04-05T06:36:38Z,-16.38786385306422,28.574120373566494
6134564,CALBOR,Veneguera,11001,11001001,Biotrack,2002,2003,0.17300000000000001,0.030000000000000002,2003-04-05T20:02:37Z,-16.779073461723335,28.0460307198797
6134564,CALBOR,Veneguera,11001,11001001,Biotrack,2002,2003,0.17300000000000001,0.030000000000000002,2003-04-06T06:26:46Z,-15.244013355848274,27.083903610783544
6134564,CALBOR,Veneguera,11001,11001001,Biotrack,2002,2003,0.17300000000000001,0.030000000000000002,2003-04-06T19:57:37Z,-14.801948042113663,28.060468369645783
6134564,CALBOR,Veneguera,11001,11001001,Biotrack,2002,2003,0.17300000000000001,0.030000000000000002,2003-04-07T06:27:02Z,-15.061602978146537,27.21646427391685
6134564,CALBOR,Veneguera,11001,11001001,Biotrack,2002,2003,0.17300000000000001,0.030000000000000002,2003-04-07T20:05:56Z,-16.408008321881894,27.130812693782975
6134564,CALBOR,Veneguera,11001,11001001,Biotrack,2002,2003,0.17300000000000001,0.030000000000000002,2003-04-08T06:17:56Z,-17.50459105025978,16.469375192111578
6134564,CALBOR,Veneguera,11001,11001001,Biotrack,2002,2003,0.17300000000000001,0.030000000000000002,2003-04-08T20:06:24Z,-17.6606128029911,17.073971054569853
6134564,CALBOR,Veneguera,11001,11001001,Biotrack,2002,2003,0.17300000000000001,0.030000000000000002,2003-04-09T06:19:05Z,-16.384729118650593,28.576135924388165
6134564,CALBOR,Veneguera,11001,11001001,Biotrack,2002,2003,0.17300000000000001,0.030000000000000002,2003-04-09T20:03:34Z,-16.80374375747902,27.83700077994726
6134564,CALBOR,Veneguera,11001,11001001,Biotrack,2002,2003,0.17300000000000001,0.030000000000000002,2003-04-10T06:16:34Z,-17.255481595602078,18.57013539513865
6134564,CALBOR,Veneguera,11001,11001001,Biotrack,2002,2003,0.17300000000000001,0.030000000000000002,2003-04-10T20:05:33Z,-8.100546227675583,19.175108309011918
6134564,CALBOR,Veneguera,11001,11001001,Biotrack,2002,2003,0.17300000000000001,0.030000000000000002,2003-04-11T04:17:33Z,-15.78861,27.84444
6134564,CALBOR,Veneguera,11001,11001001,Biotrack,2002,2003,0.17300000000000001,0.030000000000000002,2003-04-11T18:05:33Z,-15.78861,27.84444
6134564,CALBOR,Veneguera,11001,11001001,Biotrack,2002,2003,0.17300000000000001,0.030000000000000002,2003-04-12T06:20:31Z,-16.803756644370647,27.83796784293573
6134564,CALBOR,Veneguera,11001,11001001,Biotrack,2002,2003,0.17300000000000001,0.030000000000000002,2003-04-12T20:07:32Z,-14.779278417205182,27.94511500593563
6134564,CALBOR,Veneguera,11001,11001001,Biotrack,2002,2003,0.17300000000000001,0.030000000000000002,2003-04-13T06:17:31Z,-17.783959336578274,21.723465030475964
6134564,CALBOR,Veneguera,11001,11001001,Biotrack,2002,2003,0.17300000000000001,0.030000000000000002,2003-04-13T20:04:11Z,-17.266320935475346,22.32674729445622
6134564,CALBOR,Veneguera,11001,11001001,Biotrack,2002,2003,0.17300000000000001,0.030000000000000002,2003-04-14T06:13:10Z,-17.06132869113704,22.771169283237974
6134564,CALBOR,Veneguera,11001,11001001,Biotrack,2002,2003,0.17300000000000001,0.030000000000000002,2003-04-14T20:04:10Z,-17.33584102896265,23.377613913924584
6134564,CALBOR,Veneguera,11001,11001001,Biotrack,2002,2003,0.17300000000000001,0.030000000000000002,2003-04-15T06:16:30Z,-17.617467951214014,23.82448065542932
6134564,CALBOR,Veneguera,11001,11001001,Biotrack,2002,2003,0.17300000000000001,0.030000000000000002,2003-04-15T20:05:39Z,-17.27576289386293,24.42957519879129
6134564,CALBOR,Veneguera,11001,11001001,Biotrack,2002,2003,0.17300000000000001,0.030000000000000002,2003-04-16T06:09:49Z,-16.09042716081401,26.98312618927053
6134564,CALBOR,Veneguera,11001,11001001,Biotrack,2002,2003,0.17300000000000001,0.030000000000000002,2003-04-16T20:06:59Z,-15.690286649872174,26.946269820704885
6134564,CALBOR,Veneguera,11001,11001001,Biotrack,2002,2003,0.17300000000000001,0.030000000000000002,2003-04-17T06:16:28Z,-15.50780506334272,26.977486480238465
6134564,CALBOR,Veneguera,11001,11001001,Biotrack,2002,2003,0.17300000000000001,0.030000000000000002,2003-04-17T20:06:49Z,-14.903482955872537,28.289216587564287
6134564,CALBOR,Veneguera,11001,11001001,Biotrack,2002,2003,0.17300000000000001,0.030000000000000002,2003-04-18T06:13:07Z,-15.063735044748618,27.214514390226686
6134564,CALBOR,Veneguera,11001,11001001,Biotrack,2002,2003,0.17300000000000001,0.030000000000000002,2003-04-18T20:07:03Z,-14.773570623089997,27.864793496780482
6134564,CALBOR,Veneguera,11001,11001001,Biotrack,2002,2003,0.17300000000000001,0.030000000000000002,2003-04-20T06:07:19Z,-16.332601892246487,27.08355978457588
6134564,CALBOR,Veneguera,11001,11001001,Biotrack,2002,2003,0.17300000000000001,0.030000000000000002,2003-04-20T20:07:11Z,-14.776272147766043,27.91600430076645
6134564,CALBOR,Veneguera,11001,11001001,Biotrack,2002,2003,0.17300000000000001,0.030000000000000002,2003-04-21T06:18:37Z,-18.46376104902598,24.8131727693463
6134564,CALBOR,Veneguera,11001,11001001,Biotrack,2002,2003,0.17300000000000001,0.030000000000000002,2003-04-21T20:06:09Z,-17.044179990026457,28.13961233686556
6134564,CALBOR,Veneguera,11001,11001001,Biotrack,2002,2003,0.17300000000000001,0.030000000000000002,2003-04-22T05:59:44Z,-16.027270063627668,30.543769689607515
6134564,CALBOR,Veneguera,11001,11001001,Biotrack,2002,2003,0.17300000000000001,0.030000000000000002,2003-04-22T20:05:09Z,-15.046022470417439,32.292843665530214
6134564,CALBOR,Veneguera,11001,11001001,Biotrack,2002,2003,0.17300000000000001,0.030000000000000002,2003-04-23T05:47:05Z,-16.695490719067823,28.253019770906818
6134564,CALBOR,Veneguera,11001,11001001,Biotrack,2002,2003,0.17300000000000001,0.030000000000000002,2003-04-23T20:07:22Z,-16.689927053557057,28.26266557549856
6134564,CALBOR,Veneguera,11001,11001001,Biotrack,2002,2003,0.17300000000000001,0.030000000000000002,2003-04-24T06:03:02Z,-16.030907629778515,26.968284662331403
6134564,CALBOR,Veneguera,11001,11001001,Biotrack,2002,2003,0.17300000000000001,0.030000000000000002,2003-04-24T20:12:20Z,-16.756336731376923,27.575067759678944
6134564,CALBOR,Veneguera,11001,11001001,Biotrack,2002,2003,0.17300000000000001,0.030000000000000002,2003-04-25T06:07:15Z,-16.25137196975465,27.04197708760355
6134564,CALBOR,Veneguera,11001,11001001,Biotrack,2002,2003,0.17300000000000001,0.030000000000000002,2003-04-25T20:13:19Z,-14.986613574585428,28.400042895147454
6134564,CALBOR,Veneguera,11001,11001001,Biotrack,2002,2003,0.17300000000000001,0.030000000000000002,2003-04-26T04:10:20Z,-15.78861,27.84444
6134564,CALBOR,Veneguera,11001,11001001,Biotrack,2002,2003,0.17300000000000001,0.030000000000000002,2003-04-26T18:06:50Z,-15.78861,27.84444
6134564,CALBOR,Veneguera,11001,11001001,Biotrack,2002,2003,0.17300000000000001,0.030000000000000002,2003-04-27T06:16:19Z,-10.231040250407593,-9.296295112686813
6134564,CALBOR,Veneguera,11001,11001001,Biotrack,2002,2003,0.17300000000000001,0.030000000000000002,2003-04-27T20:02:19Z,-16.707591111187938,24.15191609759045
6134564,CALBOR,Veneguera,11001,11001001,Biotrack,2002,2003,0.17300000000000001,0.030000000000000002,2003-04-28T05:59:37Z,-15.89828682629833,26.47354408553947
6134564,CALBOR,Veneguera,11001,11001001,Biotrack,2002,2003,0.17300000000000001,0.030000000000000002,2003-04-28T20:03:18Z,-16.113850377128035,26.07813888296765
6134564,CALBOR,Veneguera,11001,11001001,Biotrack,2002,2003,0.17300000000000001,0.030000000000000002,2003-04-29T06:01:17Z,-16.07476987299922,25.31511440050174
6134564,CALBOR,Veneguera,11001,11001001,Biotrack,2002,2003,0.17300000000000001,0.030000000000000002,2003-04-29T20:00:36Z,-15.715542169435937,25.02095634597089
6134564,CALBOR,Veneguera,11001,11001001,Biotrack,2002,2003,0.17300000000000001,0.030000000000000002,2003-04-30T05:58:47Z,-16.28551958922116,26.7995682387169
6134564,CALBOR,Veneguera,11001,11001001,Biotrack,2002,2003,0.17300000000000001,0.030000000000000002,2003-04-30T20:13:56Z,-17.276032409721665,29.02515917271544
