ID,Sp,state,begin,end,mu.dx,sd.dx,mu.dy,sd.dy,mu.R2n,sd.R2n,mu.x,sd.x,mu.y,sd.y,mu.dist,sd.dist,state_ordered,sinuosity,straightness,ang_vector,ang_mean,Emax,sq_disp,dc_mean,dc_sd,R2n_mean,R2n_sd,index_seg,index_seg2,Clust_SM,Clust_BnB,S_M,B_nB,Breed,Confidence,f_day,l_day,Eq,Breed_0,Check
11001001,CALBOR,5,1,83,0.00648852268307435,0.729983230319502,0.00818305569697075,1.58698596525205,23.7020627628661,16.079287464209,-18.5431356066813,0.89223440817526,24.8059761933858,2.48399221707941,1.40036899678615,1.03274488431918,5,1.104,0.005,0.392,-0.027,0.354,376.311,1764.055,1289.879,23.702,16.079,2.216,4.101,1,1,Stationary,B,B,3,2002-06-21,2002-08-23,FALSE,B,Ok
11001001,CALBOR,2,84,118,0.0244237323192165,0.826999798918851,-0.00482756449803341,6.0322022476233e-4,68.0947350895817,5.78055318934293,-18.8695586810859,0.857862181497079,20.2362096913885,0.0492899116633686,0.639806735238766,0.513005499928291,2,1.96,0.01,0.238,0.019,0.175,28.428,1914.189,2193.23,68.095,5.781,0.042,8.208,1,1,Stationary,B,B,3,2002-08-24,2002-09-10,TRUE,B,Ok
11001001,CALBOR,6,119,170,-0.014378439143295,0.482707051509163,-0.00507927402331167,0.0020472412523243,64.3724760440713,2.21725367767831,-17.4796785652935,0.474453495057847,20.0159005197974,0.0774936124472953,0.351857957788619,0.32713274763932,6,2.5,0.02,0.298,-0.009,0.314,15.478,1720.62,2078.983,64.372,2.217,0.037,8.009,1,1,Stationary,B,B,3,2002-09-10,2002-10-07,TRUE,B,Ok
11001001,CALBOR,4,171,200,-0.0204763043271141,0.523080377122033,0.013498045282497999,0.100331854846651,72.6971647993488,4.74445001023183,-18.570102077677,0.713381567750419,19.8153231745901,0.0423647999775961,0.405571198761703,0.337848755632787,4,2.519,0.056,0.223,-0.017,0.275,10.702,1760.97,2120.82,72.697,4.744,0.03,8.497,1,1,Stationary,B,B,3,2002-10-08,2002-10-22,TRUE,B,Ok
11001001,CALBOR,3,201,254,-0.0157109600022259,0.447250920829489,-0.0843774370753496,1.50293163191895,65.6148823659083,30.4892318955281,-18.7584838814194,0.861961260585766,20.5900656275982,1.86786278332518,1.20824801688287,0.99213530514132,3,1.288,0.12,0.296,-0.213,0.304,190.024,1780.783,1403.153,66.64,32.387,1.61,7.839,1,1,Stationary,B,B,3,2002-10-23,2002-11-18,FALSE,B,Ok
11001001,CALBOR,1,255,262,-0.36774277399329,3.39824137771833,-0.0404549269597219,1.20946631484545,1257.98150249714,458.189491609346,-33.0356407734663,12.582180052764,-0.168961929734216,4.62226033630305,2.67621083250381,2.41443655258186,1,0.211,0.954,0.945,-0.093,13.609,203.887,370.166,432.606,776.842,349.804,58.158,32.897,2,1,Mig,B,mig,3,2002-11-19,2002-11-22,FALSE,mig,Ok
11001001,CALBOR,9,263,289,0.407301323236798,2.43244512652876,0.0071728721157611,2.37602965825378,3005.74220699315,976.280221248831,-13.9476083719456,14.8461600007332,-24.1861986673103,9.09582659635792,2.97385891987858,1.6278444572484,9,0.242,0.598,0.93,0.152,4.537,1141.341,676.031,616.099,3369.535,802.704,135.038,52.063,2,2,Mig,Non-B,mig,3,2002-11-23,2002-12-06,FALSE,mig,Ok
11001001,CALBOR,10,290,441,-0.0382933745536849,0.746637121323424,0.0124502183135547,1.2226610054232,4458.70515197284,228.986507310536,14.1695127325586,1.0004208590136,-31.7962691303467,1.79672841461519,1.15261329638797,0.846571623500651,10,1.205,0.014,0.428,0.224,0.543,480.832,1584,1264.82,4458.705,228.987,1.797,66.742,1,2,Stationary,Non-B,W,3,2002-12-06,2003-02-20,FALSE,W,Ok
11001001,CALBOR,9,442,452,0.407301323236798,2.43244512652876,0.0071728721157611,2.37602965825378,3005.74220699315,976.280221248831,-13.9476083719456,14.8461600007332,-24.1861986673103,9.09582659635792,2.97385891987858,1.6278444572484,9,0.266,0.94,0.894,0.069,6.206,817.767,632.857,478.567,2112.795,785.408,135.038,52.063,2,1,Mig,B,mig,3,2003-02-20,2003-02-25,FALSE,mig,Ok
11001001,CALBOR,1,453,490,-0.36774277399329,3.39824137771833,-0.0404549269597219,1.20946631484545,1257.98150249714,458.189491609346,-33.0356407734663,12.582180052764,-0.168961929734216,4.62226033630305,2.67621083250381,2.41443655258186,1,0.298,0.234,0.884,-0.037,2.34,2121.699,718.118,1260.321,1359.274,414.233,58.158,32.897,2,1,Mig,B,mig,1,2003-02-26,2003-03-21,TRUE,mig,Check
11001001,CALBOR,8,491,508,-0.112048991382244,0.572501924780178,0.424632072527869,0.258991513554511,201.540339139251,56.9093936075082,-16.9167082751288,0.653898284533338,13.8475221962726,2.0450996334819602,0.638151117967311,0.409701858584237,8,0.838,0.724,0.796,0.043,2.71,43.742,811.048,938.931,201.54,56.909,1.337,14.042,2,1,Mig,B,B,3,2003-03-23,2003-04-02,TRUE,B,Check
11001001,CALBOR,3,509,521,-0.0157109600022259,0.447250920829489,-0.0843774370753496,1.50293163191895,65.6148823659083,30.4892318955281,-18.7584838814194,0.861961260585766,20.5900656275982,1.86786278332518,1.20824801688287,0.99213530514132,3,1.01,0.772,0.799,-0.264,1.427,11.086,1206.909,732.689,61.358,21.349,1.61,7.839,2,1,Mig,B,B,1,2003-04-02,2003-04-08,TRUE,B,Check
11001001,CALBOR,7,522,555,0.0688541826461265,0.62446696559521,0.119666567866753,1.37193286601814,10.6481912984699,10.2055308717569,-17.1658611013695,0.88777782829811,26.5506912311224,2.55027428428706,1.18525475860339,0.918911289386495,7,0.789,0.065,0.665,0.195,1.006,212.919,1249.694,1509.282,10.648,10.206,2.264,1.89,2,1,Mig,B,B,3,2003-04-09,2003-04-29,TRUE,B,Ok
19001001,CALBOR,5,1,117,-0.00684298230329003,0.955619594571061,0.00907131642303549,1.35742446053011,16.6020501828702,12.091374148666,-18.3665904071093,0.84971350659301,25.4824567649113,1.92166792149362,1.09274323031923,1.24561574185286,5,1.255,0.016,0.416,-0.279,0.63,479.169,1516.434,1346.609,16.602,12.091,1.633,3.496,1,1,Stationary,B,B,3,2002-06-26,2002-08-27,FALSE,B,Ok
19001001,CALBOR,6,118,162,0.00271807269130196,0.475913029511522,0.00457031332131687,5.784351308344e-4,7.51246479015072,3.94739747804644,-18.2208318001853,0.828895202501312,26.88453620876,0.0602075392387727,0.366386909847534,0.298717595949673,6,1.534,0.069,0.655,-0.002,0.54,15.272,1453.493,2057.019,7.512,3.947,0.05,2.615,1,1,Stationary,B,B,2,2002-08-27,2002-09-18,TRUE,B,Ok
19001001,CALBOR,7,163,205,-0.0216498118103523,0.332575954201291,0.00459500415793126,3.8282857993027e-4,4.25769322921188,1.60939060646634,-17.6538814105387,0.452878664557045,27.0862273603568,0.0575720094214943,0.248803383096617,0.218475159994904,7,2.355,0.044,0.5,-0.01,0.386,6.076,1621.126,1957.693,4.258,1.609,0.026,2.013,1,1,Stationary,B,B,2,2002-09-19,2002-10-10,TRUE,B,Ok
19001001,CALBOR,2,206,222,-0.0263963775733995,0.234475645628367,-0.059768164416384,0.265320847957702,13.8912104528983,1.80099413595978,-19.455181883758,0.256244031874532,27.2238269131963,0.0231525804071036,0.213083828865144,0.285774881004497,2,3.554,0.209,0.34,-0.168,0.517,1.316,1468.588,1898.082,13.891,1.801,0.006,3.719,1,1,Stationary,B,B,3,2002-10-10,2002-10-18,TRUE,B,Ok
19001001,CALBOR,3,223,283,-0.0117924072918616,0.370365686955333,-0.255719111285464,1.62447747305447,51.5974114443256,32.5305791627751,-19.2939941735917,0.532161595375993,22.1381365645556,2.56456974352757,1.35008945676501,0.994786785734325,3,1.096,0.189,0.458,-0.283,0.442,239.716,1622.975,1578.283,51.597,32.531,1.365,6.697,1,1,Stationary,B,B,3,2002-10-19,2002-11-18,FALSE,B,Ok
19001001,CALBOR,4,284,315,-0.111376479275681,2.74402602603457,-0.186712111728276,2.67764557203997,2191.00392813339,1131.16109150291,-19.0046909874591,12.9054878554878,-15.3757698348871,12.3852211841879,3.14781499601966,2.14677780418806,4,0.214,0.671,0.942,0.032,2.326,1063.033,895.926,928.773,2258.376,1166.44,159.837,43.34,2,1,Mig,B,mig,3,2002-11-18,2002-12-04,FALSE,mig,Ok
19001001,CALBOR,10,316,359,0.182798230099629,0.975947098073027,0.063633902296036493,1.22623992995406,4670.17391531413,308.983023206144,15.8846248654086,2.7887541327475,-32.6244382111499,1.72080551372877,1.18873342106722,1.0239742179486,10,1.157,0.239,0.467,0.384,0.654,184.158,1446.176,1447.74,4670.174,308.983,4.799,68.262,1,2,Stationary,Non-B,W,3,2002-12-04,2002-12-26,FALSE,W,Ok
19001001,CALBOR,9,360,466,-0.0298461101289953,0.518558877253039,0.0262962949803313,0.963406208827797,4394.4650359384495,169.097465520285,14.6805132557116,0.565024130554825,-31.009361657971098,1.4246768447872,0.863154558209633,0.66827211084046,9,1.565,0.028,0.315,-0.074,0.363,179.044,1738.659,1427.754,4394.465,169.097,0.805,66.273,1,2,Stationary,Non-B,W,3,2002-12-26,2003-02-17,FALSE,W,Ok
19001001,CALBOR,4,467,478,-0.111376479275681,2.74402602603457,-0.186712111728276,2.67764557203997,2191.00392813339,1131.16109150291,-19.0046909874591,12.9054878554878,-15.3757698348871,12.3852211841879,3.14781499601966,2.14677780418806,4,0.199,0.961,0.92,0.008,4.98,1059.516,748.585,439.367,2011.345,1057.825,159.837,43.34,2,1,Mig,B,mig,3,2003-02-18,2003-02-23,FALSE,mig,Ok
19001001,CALBOR,1,479,508,0.0973472605702062,1.90650581949712,0.173375255113229,0.0132292502055151,645.292248901535,271.481048985136,-32.5687370976437,7.9326952715656,10.505650901426,1.52760578540348,1.72943495966548,0.762729892707824,1,0.294,0.101,0.928,-0.027,16.166,317.808,217.423,518.653,645.292,271.481,12.118,24.129,2,1,Mig,B,mig,1,2003-02-24,2003-03-10,TRUE,mig,Check
19001001,CALBOR,8,509,590,0.0174879049904052,0.480372907802651,0.11153951258398,0.972484960841143,46.151859400526,51.0790542987579,-17.1683560830475,0.646443513425947,22.4756451853189,3.89829324351733,0.789780556011764,0.746950736864147,8,1.282,0.2,0.504,0.033,0.633,163.132,1490.283,1412.018,46.152,51.079,2.52,5.543,1,1,Stationary,B,B,3,2003-03-11,2003-04-30,TRUE,B,Ok
33001001,CALBOR,4,1,5,-0.234189588955661,3.41687103487505,0.18920310379601,8.66052017198723,778.991305093817,561.86455200035,-18.8421810732385,3.01299354905813,2.86228887715183,11.7994569095073,3.46526488921793,8.6335011552263,4,0.107,0.983,1,0.227,0.915,40.543,1427.753,906.314,90.943,124.898,35.552,25.168,1,1,Mig,B,B,3,2002-06-25,2002-06-27,FALSE,B,Ok
33001001,CALBOR,7,6,22,0.0232763179839219,0.492734186049126,-0.0347045280079041,0.200346931211228,15.0142254752863,3.2391061935844,-18.1369321647477,0.567063179049291,24.8346393729869,0.353135675495763,0.434110301106676,0.306360811977587,7,2.226,0.182,0.416,-0.694,0.329,5.115,1740.252,1562.127,16.588,3.956,0.2,3.818,2,1,Stationary,B,B,3,2002-06-27,2002-07-05,FALSE,B,Ok
33001001,CALBOR,4,23,28,-0.234189588955661,3.41687103487505,0.18920310379601,8.66052017198723,778.991305093817,561.86455200035,-18.8421810732385,3.01299354905813,2.86228887715183,11.7994569095073,3.46526488921793,8.6335011552263,4,0.36,0.033,0.332,0.051,0.252,3870.851,1821.558,1303.882,573.525,859.811,35.552,25.168,2,1,Stationary,B,B,0,2002-07-06,2002-07-28,FALSE,B,Check
33001001,CALBOR,6,29,81,-0.0225223508983395,0.400470125344755,-0.00959491136135835,1.19062200098753,10.0878009443877,4.60001053684845,-18.3003710273078,0.547146233851093,26.8455373447895,1.5922186906503,1.05885118788153,0.660182698138577,6,1.357,0.015,0.402,-0.644,0.336,103.485,1784.27,1356.654,10.088,4.6,0.871,2.703,2,1,Stationary,B,B,3,2002-07-28,2002-08-25,FALSE,B,Ok
33001001,CALBOR,7,82,144,0.0232763179839219,0.492734186049126,-0.0347045280079041,0.200346931211228,15.0142254752863,3.2391061935844,-18.1369321647477,0.567063179049291,24.8346393729869,0.353135675495763,0.434110301106676,0.306360811977587,7,2.973,0.086,0.035,0.09,0.213,21.489,1846.191,2008.318,14.59,2.91,0.2,3.818,2,1,Stationary,B,B,3,2002-08-26,2002-09-26,TRUE,B,Ok
33001001,CALBOR,8,145,193,-0.0414494246410849,0.53256880061054,-0.0582270807378791,0.287919725954011,19.8391777754457,6.30692724993904,-17.1922413792697,1.36361720908531,23.8458228481433,0.2444186441103,0.451844763258566,0.404134964351889,8,1.995,0.101,0.416,0.005,0.286,17.697,1720.407,1897.298,19.839,6.307,0.333,4.238,2,1,Stationary,B,B,3,2002-09-26,2002-10-20,TRUE,mig,Ok
33001001,CALBOR,5,194,256,-0.0387409716219481,0.401111382245637,-0.0512771754151214,1.55051849227601,94.8045119047861,45.0228909752741,-18.6765053179069,0.995504158829571,18.9010237956857,2.36118083557993,1.28989049491144,0.939777364537979,5,1.123,0.131,0.403,-0.088,0.256,227.226,1813.203,1691.628,93.814,44.096,2.351,9.398,2,1,Stationary,B,B,0,2002-10-21,2002-11-21,FALSE,B,Check
33001001,CALBOR,3,257,304,-0.155712496159308,0.760138807268303,-0.364902787101424,1.25339226150216,934.656288629258,168.557481725408,-20.5476948638968,2.87330415055479,-2.08503111268316,2.88503531964985,1.25835095058499,0.832114811334939,3,1.076,0.357,0.484,0.045,0.518,159.393,1595.311,1427.465,934.656,168.557,8.29,30.305,2,1,Stationary,B,mig,3,2002-11-21,2002-12-15,FALSE,B,Ok
33001001,CALBOR,1,305,327,0.0569260842524108,0.961613196576777,-1.30279899724344,1.75445587732792,3032.73123505065,699.015208840249,-30.5953650350729,1.47295068346877,-24.7217714844622,7.09931536674497,1.97961685255499,1.29754532719051,1,0.532,0.792,0.796,0.318,1.49,258.668,1113.726,1225.815,3032.731,699.015,10.457,54.612,1,2,Mig,Non-B,mig,3,2002-12-15,2002-12-26,FALSE,mig,Ok
33001001,CALBOR,2,328,392,0.117791744644245,0.841895751798177,0.0502495124996883,1.07145288217555,4446.97373166328,208.264688807713,-21.0738325040096,3.08254896649025,-38.5436485743747,1.51103268273279,1.1299936844591,0.763481822779334,2,1.304,0.163,0.37,-0.246,0.517,186.268,1603.926,1255.872,4507.233,189.84,4.658,66.598,2,2,Stationary,Non-B,W,3,2002-12-27,2003-01-28,FALSE,W,Ok
33001001,CALBOR,2,393,422,0.117791744644245,0.841895751798177,0.0502495124996883,1.07145288217555,4446.97373166328,208.264688807713,-21.0738325040096,3.08254896649025,-38.5436485743747,1.51103268273279,1.1299936844591,0.763481822779334,2,1.417,0.129,0.384,0.784,0.391,79.002,1736.396,1281.546,4316.413,187.843,4.658,66.598,2,2,Stationary,Non-B,W,3,2003-01-28,2003-02-12,FALSE,W,Ok
33001001,CALBOR,9,423,441,0.0809448473996958,0.46808779870126,0.287269151418308,1.68521961409358,3161.80240506678,263.737362935695,-16.3533466915018,0.304519949439939,-28.3371907001609,2.30181680571135,1.39913198190793,1.04248328835654,9,0.955,0.271,0.521,-0.038,0.633,97.929,1532.677,1808.254,3161.802,263.737,0.701,56.184,2,2,Stationary,Non-B,W,1,2003-02-12,2003-02-21,FALSE,W,Check
33001001,CALBOR,10,442,470,-8.5257708362852e-4,1.28386479820687,0.479744811410864,1.00704333608686,2868.6101155992,582.859842923816,-6.57166620939205,4.56999363827038,-24.4687914120246,5.27034468474607,1.48531946717479,0.784764242890397,10,0.479,0.342,0.844,0.085,2.366,354.715,867.434,990.839,2868.61,582.86,24.085,53.119,1,2,Mig,Non-B,mig,1,2003-02-22,2003-03-08,TRUE,mig,Check
33001001,CALBOR,4,471,513,-0.234189588955661,3.41687103487505,0.18920310379601,8.66052017198723,778.991305093817,561.86455200035,-18.8421810732385,3.01299354905813,2.86228887715183,11.7994569095073,3.46526488921793,8.6335011552263,4,0.521,0.642,0.856,0.018,3.161,402.782,813.716,834.084,887.667,484.146,35.552,25.168,1,1,Mig,B,mig,3,2003-03-08,2003-03-29,TRUE,mig,Check
33001001,CALBOR,5,514,526,-0.0387409716219481,0.401111382245637,-0.0512771754151214,1.55051849227601,94.8045119047861,45.0228909752741,-18.6765053179069,0.995504158829571,18.9010237956857,2.36118083557993,1.28989049491144,0.939777364537979,5,0.511,0.916,0.909,-0.055,7.72,63.247,587.523,407.079,99.603,50.919,2.351,9.398,1,1,Mig,B,B,3,2003-03-30,2003-04-05,TRUE,B,Ok
41001001,CALBOR,4,1,135,0.00146259294077955,0.495888725135636,0.0365718150888509,1.22375988713737,16.1767501475128,10.3414690150022,-18.289509387482,0.695712344473451,30.0439337914428,2.15227021038619,1.06406094265999,0.778164377490574,4,1.192,0.002,0.433,-0.113,0.361,364.728,1742.464,1500.476,16.211,9.606,1.497,3.331,1,1,Stationary,B,B,3,2002-06-21,2002-08-27,FALSE,B,Ok
41001001,CALBOR,5,136,200,-0.00275131958290931,0.422929708449516,-0.0410457518105165,0.00451960623347775,19.2233163933156,5.96559331720482,-17.9353198296906,0.434933692594392,24.1245467851175,0.774788858249499,0.338154730062751,0.25391615252157,5,2.51,0.179,0.312,-0.199,0.366,16.884,1640.122,1714.69,19.223,5.966,0.337,4.295,1,1,Stationary,B,B,3,2002-08-28,2002-09-29,TRUE,B,Ok
41001001,CALBOR,3,201,239,-0.0600455975461577,0.386524540904478,-0.0693968594106767,0.177583904640018,46.1961436105089,7.32465041693049,-19.1830459410777,0.481701982047746,21.9933637884252,0.467249194230154,0.340466992558102,0.265729254675515,3,2.21,0.274,0.451,-0.141,0.509,9.11,1502.28,1702.134,46.196,7.325,0.225,6.764,1,1,Stationary,B,B,3,2002-09-29,2002-10-18,TRUE,B,Ok
41001001,CALBOR,2,240,270,-0.0310568486785093,0.720467287810028,-0.571955170548706,3.54284200096476,212.135391616376,70.4067342710493,-19.6112579989162,0.711835347454553,14.0428585002643,2.60132873319596,2.57113561861894,2.56490546832206,2,1.023,0.149,0.268,0.357,0.065,297.355,2061.594,1798.152,212.135,70.407,1.852,14.321,1,1,Stationary,B,B,0,2002-10-19,2002-11-03,FALSE,B,Check
41001001,CALBOR,1,271,300,0.0293108117318287,2.4939853851929,-0.116678544297834,1.83318932750542,1944.5701036029,974.524005203278,-28.0130529666942,11.5049872242437,-11.2719098967018,11.6866129424911,2.54061371110062,1.74516237174646,1,0.243,0.717,0.934,0.054,1.028,546.244,1252.497,1472.201,2320.819,1177.244,134.454,40.982,2,1,Mig,B,mig,3,2002-11-03,2002-11-18,FALSE,mig,Ok
41001001,CALBOR,8,301,343,0.0390084718471963,1.93765324032949,0.259127272259587,1.47333847501431,5226.9315495214,528.490252210425,17.2279417953597,6.4172142849057,-36.1068661469131,2.58568985344499,1.95034860761956,1.45833018588625,8,0.77,0.589,0.618,0.115,1.393,483.284,1145.212,971.744,5129.657,386.551,16.593,71.971,2,2,Mig,Non-B,mig,3,2002-11-18,2002-12-09,FALSE,mig,Ok
41001001,CALBOR,9,344,375,0.0205411255423151,0.612275011392779,-0.114773672761845,0.79361072950093,6068.64792048062,217.752770277218,36.3290108088561,1.09972086964575,-30.0209829652552,1.69688511091413,0.838718237263785,0.546278548111032,9,1.117,0.19,0.629,0.329,0.762,59.436,1410.797,1259.099,6013.757,219.82,1.866,77.876,1,2,Stationary,Non-B,W,2,2002-12-10,2002-12-25,FALSE,W,Ok
41001001,CALBOR,10,376,459,-0.00937631695584513,0.608105039978258,-0.00280689752981895,1.04584388196797,6186.88381760235,219.154555411735,39.1388038004492,0.967641796198204,-28.4077201810769,2.16506430364379,0.990511950146266,0.686107528141784,10,1.315,0.007,0.442,0.453,0.381,178.999,1730.582,1441.449,6186.884,219.155,2.095,78.621,1,2,Stationary,Non-B,W,3,2002-12-26,2003-02-05,FALSE,W,Ok
41001001,CALBOR,9,460,470,0.0205411255423151,0.612275011392779,-0.114773672761845,0.79361072950093,6068.64792048062,217.752770277218,36.3290108088561,1.09972086964575,-30.0209829652552,1.69688511091413,0.838718237263785,0.546278548111032,9,1.05,0.781,0.655,-0.2,0.42,13.916,1724.633,1412.396,6228.329,108.003,1.866,77.876,2,2,Mig,Non-B,mig,2,2003-02-06,2003-02-11,FALSE,mig,Ok
41001001,CALBOR,8,471,487,0.0390084718471963,1.93765324032949,0.259127272259587,1.47333847501431,5226.9315495214,528.490252210425,17.2279417953597,6.4172142849057,-36.1068661469131,2.58568985344499,1.95034860761956,1.45833018588625,8,0.538,0.763,0.706,-0.317,2.3,299.49,957.876,1099.414,5472.978,740.231,16.593,71.971,2,2,Mig,Non-B,mig,3,2003-02-11,2003-02-19,FALSE,mig,Ok
41001001,CALBOR,1,488,526,0.0293108117318287,2.4939853851929,-0.116678544297834,1.83318932750542,1944.5701036029,974.524005203278,-28.0130529666942,11.5049872242437,-11.2719098967018,11.6866129424911,2.54061371110062,1.74516237174646,1,0.252,0.396,0.924,-0.048,4.543,2103.492,541.898,924.661,1655.148,666.381,134.454,40.982,2,1,Mig,B,mig,1,2003-02-20,2003-03-11,TRUE,mig,Check
41001001,CALBOR,6,527,572,0.00835633541528055,0.571672660992434,0.456593091527369,0.410761728627542,187.268847085419,164.87802992458,-17.5562913072269,0.444467970951205,15.7393327499868,6.18455011396701,0.642851742065459,0.535046172503924,6,1.161,0.8,0.644,-0.066,1.327,79.486,1170.088,934.872,187.269,164.878,2.749,12.233,2,1,Mig,B,B,1,2003-03-13,2003-04-08,TRUE,B,Check
41001001,CALBOR,4,573,598,0.00146259294077955,0.495888725135636,0.0365718150888509,1.22375988713737,16.1767501475128,10.3414690150022,-18.289509387482,0.695712344473451,30.0439337914428,2.15227021038619,1.06406094265999,0.778164377490574,4,1.077,0.483,0.683,-0.115,2.201,44.746,931.647,1044.843,15.997,13.778,1.497,3.331,2,1,Mig,B,B,2,2003-04-08,2003-04-21,TRUE,B,Ok
41001001,CALBOR,7,599,678,0.0397582774335802,0.703246285943124,-0.0398181857733322,1.31337365747178,16.5078262628383,10.4450392114667,-16.7169789768024,1.71478559111338,30.2552353825185,2.64915805464201,1.24089065355202,0.814500530972896,7,1.339,0.064,0.285,0.239,0.308,260.401,1781.313,1371.428,16.508,10.445,4.543,2.583,1,1,Stationary,B,B,3,2003-04-21,2003-06-01,FALSE,B,Ok
42002001,CALBOR,8,1,9,0.0101091982855772,0.570270784831143,0.0242368903049634,1.05043255430631,6.57413969400616,5.84556831959345,-16.8865900739957,1.2232014960559,28.3192372335157,1.92476493171639,0.925662462263742,0.750224071319406,8,0.875,0.119,0.855,0.682,2.56,6.407,908.186,719.513,3.035,2.417,2.354,1.196,1,1,Stationary,B,B,3,2002-06-26,2002-06-30,FALSE,B,Ok
42002001,CALBOR,4,10,83,-0.0854616712926089,0.742487278378211,-0.453831766087767,4.23837358972284,10.4613690512571,6.77947845416114,-17.9180089212021,0.817720891354508,27.7389684958544,2.3083070057723,1.85090112591685,3.90621584848072,4,1.292,0.027,0.307,-0.634,0.358,282.885,1724.589,1412.231,10.461,6.779,1.888,2.132,1,1,Stationary,B,B,3,2002-07-01,2002-08-26,FALSE,B,Ok
42002001,CALBOR,5,84,116,0.0317144565182076,0.530279917692295,-0.0252996568822915,0.00527731432117839,4.21392803662985,2.39826331542336,-17.7231835375899,0.637087682140876,27.6942501910884,0.238628396070309,0.407334396071515,0.334388401575685,5,2.201,0.122,0.336,0.063,0.262,11.996,1779.152,1960.647,4.214,2.398,0.152,1.94,1,1,Stationary,B,B,3,2002-08-26,2002-09-12,TRUE,B,Ok
42002001,CALBOR,10,117,155,0.00958775585279362,0.634405527514219,-0.0244990696960946,0.00253634282517595,2.52477837848178,1.6619914233402,-16.324465216372,1.05754513658829,26.8093425430513,0.28016181360313003,0.513121120955181,0.364643791069142,10,1.902,0.087,0.368,-0.079,0.175,18.672,1877.28,1962.291,2.525,1.662,0.296,1.166,1,1,Stationary,B,B,3,2002-09-12,2002-10-01,TRUE,B,Ok
42002001,CALBOR,9,156,190,0.0111809204302057,0.638028446444188,-0.0378713148281867,0.332163737642595,5.28914995741662,1.99326224731776,-16.6426565441522,0.806023407833553,25.8836218287276,0.286153096003443,0.55912175045268,0.44623005330765,9,1.956,0.067,0.313,0.006,0.285,21.196,1709.536,2062.788,5.321,2.1,0.231,2.139,1,1,Stationary,B,B,3,2002-10-02,2002-10-19,TRUE,B,Ok
42002001,CALBOR,7,191,236,-0.084783333815993,0.638110182201508,-8.055376168578e-4,2.44249872738954,87.876659506856,69.6167187273888,-16.9008520804075,0.94807913114452,19.2790317301122,3.54038834289081,1.85922607407942,1.69761340435655,7,0.836,0.026,0.483,-0.087,0.15,430.258,1987.597,1578.892,67.319,61.149,3.357,8.637,1,1,Stationary,B,B,2,2002-10-19,2002-11-11,FALSE,B,Ok
42002001,CALBOR,7,237,264,-0.084783333815993,0.638110182201508,-8.055376168578e-4,2.44249872738954,87.876659506856,69.6167187273888,-16.9008520804075,0.94807913114452,19.2790317301122,3.54038834289081,1.85922607407942,1.69761340435655,7,1.362,0.102,0.171,0.366,0.319,139.765,1764.086,1807.407,84.267,49.341,3.357,8.637,1,1,Stationary,B,B,0,2002-11-11,2002-11-25,FALSE,B,Check
42002001,CALBOR,3,265,396,0.00958258927478935,0.461873802975385,-0.0705777641171277,1.20555934387922,137.329401947915,43.7229854053088,-19.3492530011326,0.534910732473557,16.894499921869,2.12133822651723,1.08710227205361,0.69354153150615,3,1.452,0.082,0.287,-0.333,0.379,332.694,1717.603,1470.359,137.329,43.723,1.135,11.514,1,1,Stationary,B,B,0,2002-11-26,2003-01-30,FALSE,B,Check
42002001,CALBOR,7,397,406,-0.084783333815993,0.638110182201508,-8.055376168578e-4,2.44249872738954,87.876659506856,69.6167187273888,-16.9008520804075,0.94807913114452,19.2790317301122,3.54038834289081,1.85922607407942,1.69761340435655,7,1.516,0.565,0.086,1.81,-0.003,NA,2283.39,2076.504,192.55,65.736,3.357,8.637,1,1,Stationary,B,B,0,2003-01-31,2003-02-04,FALSE,B,Check
42002001,CALBOR,2,407,443,-0.075569209668736,1.77403919362135,7.7456514574688e-4,1.51022366250806,545.984666032194,242.507170868272,-29.8344356489556,7.41803640905796,11.2052594605602,4.28618851080679,1.92213889285103,1.28797916565597,2,0.899,0.426,0.514,-0.31,0.629,270.081,1466.952,1420.521,600.581,216.8,31.795,21.775,2,1,Mig,B,mig,2,2003-02-05,2003-02-23,FALSE,mig,Ok
42002001,CALBOR,1,444,477,0.0137704115412581,1.12024362351898,0.148071570615124,0.00808173664490126,1217.19836171097,209.018021222995,-48.0447903225266,2.98899842340198,14.9619205222474,1.47320449265572,0.915975432719798,0.642931164079814,1,1.064,0.239,0.614,-0.212,0.806,79.184,1281.385,1348.862,1217.198,209.018,4.403,34.734,1,2,Stationary,Non-B,W,2,2003-02-23,2003-03-12,TRUE,W,Check
42002001,CALBOR,2,478,487,-0.075569209668736,1.77403919362135,7.7456514574688e-4,1.51022366250806,545.984666032194,242.507170868272,-29.8344356489556,7.41803640905796,11.2052594605602,4.28618851080679,1.92213889285103,1.28797916565597,2,0.015,1,1,0.003,480.318,2437848.327,59.559,75.532,343.979,234.478,31.795,21.775,2,1,Mig,B,mig,3,2003-03-12,2003-03-19,TRUE,mig,Check
42002001,CALBOR,6,488,523,0.0530708325618984,0.515641313501606,0.148102240035726,0.0177702017024071,35.2494217501984,18.354824605717,-17.1952082973167,0.68803356155475,22.363438668334,1.68770925061441,0.433913446343619,0.313048500660538,6,1.883,0.454,0.453,0.003,0.744,18.775,1401.698,1202.752,35.249,18.355,1.161,5.659,1,1,Stationary,B,B,3,2003-03-19,2003-04-07,TRUE,B,Check
42002001,CALBOR,9,524,532,0.0111809204302057,0.638028446444188,-0.0378713148281867,0.332163737642595,5.28914995741662,1.99326224731776,-16.6426565441522,0.806023407833553,25.8836218287276,0.286153096003443,0.55912175045268,0.44623005330765,9,1.294,0.436,0.732,-0.22,1.165,4.423,1173.022,1204.658,5.164,1.609,0.231,2.139,1,1,Stationary,B,B,2,2003-04-07,2003-04-11,TRUE,B,Ok
42002001,CALBOR,8,533,613,0.0101091982855772,0.570270784831143,0.0242368903049634,1.05043255430631,6.57413969400616,5.84556831959345,-16.8865900739957,1.2232014960559,28.3192372335157,1.92476493171639,0.925662462263742,0.750224071319406,8,1.285,0.039,0.464,0.007,0.536,175.325,1585.347,1368.41,6.967,5.989,2.354,1.196,1,1,Stationary,B,B,3,2003-04-12,2003-05-22,FALSE,B,Ok
47001001,CALBOR,2,1,71,-0.0161494939526848,1.04252471277471,0.0300065960349855,2.26148237386256,22.8164066111082,25.8555694278338,-18.0294316835307,1.04752632812864,30.3256175171739,3.26883599997692,1.64026806942044,1.86511144652228,2,0.828,0.011,0.536,0.051,0.455,654.668,1680.016,1427.57,25.299,26.932,3.424,3.343,1,1,Stationary,B,B,3,2002-06-22,2002-08-25,FALSE,B,Ok
47001001,CALBOR,5,72,106,0.0313257523395507,0.636979475887839,0.0281064776594889,0.399228117433058,31.7146399320692,9.96008626938608,-17.8146284604218,0.762969571804861,22.7378100078217,0.994656935960191,0.60656856490305,0.435411561048964,5,1.739,0.244,0.432,-0.083,0.371,20.847,1618.262,1628.285,31.538,9.551,0.759,5.494,1,1,Stationary,B,B,3,2002-08-26,2002-09-12,TRUE,B,Ok
47001001,CALBOR,3,107,140,0.029927353866797,0.383386378299189,-0.0918415898198824,0.00945896672714476,74.0375499257154,14.8723506006472,-17.9195800464043,0.483537589529295,19.5705477597682,0.914787362182468,0.309289448711901,0.241099781330958,3,1.785,0.371,0.611,-0.117,0.551,8.501,1482.549,1379.981,74.038,14.872,0.442,8.544,1,1,Stationary,B,B,2,2002-09-12,2002-09-29,TRUE,B,Ok
47001001,CALBOR,6,141,184,0.0305690526541279,0.550605201325685,-0.010954230529192,0.388379831353083,144.434425102868,28.6974673269231,-17.0815630877994,0.755553580824444,15.9795531534147,1.20598769579673,0.53482756218654,0.404398838850875,6,1.979,0.276,0.358,-0.095,0.62,27.977,1419.132,1509.953,144.025,27.619,0.911,11.935,1,1,Stationary,B,B,3,2002-09-29,2002-10-21,TRUE,B,Ok
47001001,CALBOR,1,185,228,-0.137240457825769,0.46693815828316,-0.243283122789753,1.9737054517016,321.077643146762,101.012796361351,-18.5989837156618,1.53597098448415,10.4218167157478,2.73793230712809,1.62986052328692,1.21456058206544,1,0.88,0.177,0.528,-0.093,0.448,271.97,1576.267,1572.177,321.078,101.013,4.205,17.648,1,1,Stationary,B,B,1,2002-10-21,2002-11-12,FALSE,B,Check
47001001,CALBOR,8,229,255,0.161591087448515,2.41297714039152,-0.516876875307199,2.22171628997761,3021.15973765972,1260.5500457861,-15.2218926031486,13.7329316222501,-24.1030532401095,11.9240981302457,3.04389549297177,1.24513035753356,8,0.168,0.561,0.961,0.119,9.332,1711.129,487.484,449.257,3201.202,1444.779,163.753,51.951,2,2,Mig,Non-B,mig,3,2002-11-12,2002-11-25,FALSE,mig,Ok
47001001,CALBOR,9,256,327,0.0241666732524328,0.464387783094044,0.033866460430131,0.936996867099792,3417.43733358058,177.666445906797,10.2686313963252,0.787841082529799,-24.455160406141,1.62273825998516,0.793733199398247,0.675639461011344,9,1.175,0.159,0.631,0.379,0.658,112.639,1478.685,1302.555,3417.437,177.666,1.278,58.431,1,2,Stationary,Non-B,W,2,2002-11-26,2002-12-31,FALSE,W,Ok
47001001,CALBOR,10,328,429,-0.034117151340752,0.570732907703873,0.00725981709267209,1.20117229610209,3766.09310416745,176.755036019684,11.5849347820948,0.582491913438848,-27.0513596526946,1.71040721501541,1.01612475475053,0.852670677624671,10,1.331,0.024,0.403,-0.274,0.651,297.916,1480.154,1499.152,3766.093,176.755,0.996,61.342,1,2,Stationary,Non-B,W,3,2003-01-01,2003-02-20,FALSE,W,Ok
47001001,CALBOR,8,430,441,0.161591087448515,2.41297714039152,-0.516876875307199,2.22171628997761,3021.15973765972,1260.5500457861,-15.2218926031486,13.7329316222501,-24.1030532401095,11.9240981302457,3.04389549297177,1.24513035753356,8,0.229,0.934,0.945,-0.143,3.708,477.809,772.209,635.347,2616.065,544.811,163.753,51.951,2,2,Mig,Non-B,mig,3,2003-02-21,2003-02-26,FALSE,mig,Ok
47001001,CALBOR,4,442,464,-0.00869024837105129,0.298214087471508,0.620632295990733,0.370134013045135,1376.97102070416,287.042442043255,-17.90159074143,0.596367082241709,-8.99956767351768,3.91821574614054,0.684070506237716,0.373469663776327,4,0.441,0.911,0.94,-0.06,10.295,93.748,550.355,272.804,1376.971,287.042,2.337,36.905,2,1,Mig,B,mig,3,2003-02-27,2003-03-11,TRUE,mig,Ok
47001001,CALBOR,7,465,477,-0.472874856860126,2.30219897150767,0.730389126828044,0.781342603164116,391.153292589535,233.044343834223,-16.1566966620261,2.18527517601851,9.39908349269396,6.99989117756238,1.76204603425343,1.85061812400153,7,0.621,0.748,0.733,-0.067,2.238,167.076,977.84,823.72,514.387,132.871,15.297,18.449,2,1,Mig,B,mig,3,2003-03-14,2003-03-22,TRUE,B,Ok
47001001,CALBOR,6,478,486,0.0305690526541279,0.550605201325685,-0.010954230529192,0.388379831353083,144.434425102868,28.6974673269231,-17.0815630877994,0.755553580824444,15.9795531534147,1.20598769579673,0.53482756218654,0.404398838850875,6,0.6,0.913,0.898,-0.043,9.567,13.442,569.101,294.291,146.434,35.319,0.911,11.935,2,1,Mig,B,mig,3,2003-03-25,2003-03-29,TRUE,mig,Check
47001001,CALBOR,7,487,491,-0.472874856860126,2.30219897150767,0.730389126828044,0.781342603164116,391.153292589535,233.044343834223,-16.1566966620261,2.18527517601851,9.39908349269396,6.99989117756238,1.76204603425343,1.85061812400153,7,0.142,0.996,1,-0.188,0.561,27.206,1497.282,1838.011,70.745,12.99,15.297,18.449,2,1,Mig,B,B,0,2003-03-30,2003-04-01,TRUE,B,Check
47001001,CALBOR,5,492,496,0.0313257523395507,0.636979475887839,0.0281064776594889,0.399228117433058,31.7146399320692,9.96008626938608,-17.8146284604218,0.762969571804861,22.7378100078217,0.994656935960191,0.60656856490305,0.435411561048964,5,0.748,0.933,0.731,-0.127,1,12.795,1383.832,857.967,32.948,13.772,0.759,5.494,2,1,Mig,B,B,0,2003-04-01,2003-04-05,TRUE,B,Check
47001001,CALBOR,2,497,507,-0.0161494939526848,1.04252471277471,0.0300065960349855,2.26148237386256,22.8164066111082,25.8555694278338,-18.0294316835307,1.04752632812864,30.3256175171739,3.26883599997692,1.64026806942044,1.86511144652228,2,1.108,0.742,0.576,-0.028,0.962,22.993,1408.991,805.018,6.791,3.389,3.424,3.343,2,1,Mig,B,B,3,2003-04-05,2003-04-10,TRUE,B,Ok
